Season,Site,Transect,Strata,QUAD,species,10,12
SUMMER,BEYOND,1,BENTHIC,2.9,Gibbonsia elegans,0,0
SUMMER,BEYOND,1,BENTHIC,4.5,Gibbonsia elegans,0,0
SUMMER,BEYOND,1,BENTHIC,7,Gibbonsia elegans,0,0
SUMMER,BEYOND,1,BENTHIC,11.3,Gibbonsia elegans,0,0
SUMMER,BEYOND,1,BENTHIC,14.6,Gibbonsia elegans,0,0
SUMMER,BEYOND,1,BENTHIC,15.5,Gibbonsia elegans,0,0
SUMMER,BEYOND,1,BENTHIC,18,Gibbonsia elegans,0,0
SUMMER,BEYOND,1,BENTHIC,23.6,Gibbonsia elegans,0,0
SUMMER,BEYOND,1,BENTHIC,25.4,Gibbonsia elegans,0,0
SUMMER,BEYOND,1,BENTHIC,29.2,Gibbonsia elegans,0,0
SUMMER,BEYOND,2,BENTHIC,1.2,Gibbonsia elegans,0,0
SUMMER,BEYOND,2,BENTHIC,3.2,Gibbonsia elegans,0,0
SUMMER,BEYOND,2,BENTHIC,9,Gibbonsia elegans,0,0
SUMMER,BEYOND,2,BENTHIC,9.5,Gibbonsia elegans,0,0
SUMMER,BEYOND,2,BENTHIC,14.2,Gibbonsia elegans,0,0
SUMMER,BEYOND,2,BENTHIC,16.2,Gibbonsia elegans,0,0
SUMMER,BEYOND,2,BENTHIC,20.6,Gibbonsia elegans,0,0
SUMMER,BEYOND,2,BENTHIC,22.5,Gibbonsia elegans,0,0
SUMMER,BEYOND,2,BENTHIC,26.9,Gibbonsia elegans,0,0
SUMMER,BEYOND,2,BENTHIC,28,Gibbonsia elegans,0,0
SUMMER,BEYOND,3,BENTHIC,0,Gibbonsia elegans,0,0
SUMMER,BEYOND,3,BENTHIC,4.6,Gibbonsia elegans,0,0
SUMMER,BEYOND,3,BENTHIC,7.4,Gibbonsia elegans,0,0
SUMMER,BEYOND,3,BENTHIC,9.7,Gibbonsia elegans,0,0
SUMMER,BEYOND,3,BENTHIC,14.7,Gibbonsia elegans,0,0
SUMMER,BEYOND,3,BENTHIC,17.6,Gibbonsia elegans,0,0
SUMMER,BEYOND,3,BENTHIC,18.2,Gibbonsia elegans,0,0
SUMMER,BEYOND,3,BENTHIC,21,Gibbonsia elegans,0,0
SUMMER,BEYOND,3,BENTHIC,24.3,Gibbonsia elegans,0,0
SUMMER,BEYOND,3,BENTHIC,28.7,Gibbonsia elegans,0,0
SUMMER,BEYOND,4,BENTHIC,0.2,Gibbonsia elegans,0,0
SUMMER,BEYOND,4,BENTHIC,3.4,Gibbonsia elegans,0,0
SUMMER,BEYOND,4,BENTHIC,7.2,Gibbonsia elegans,0,0
SUMMER,BEYOND,4,BENTHIC,9.3,Gibbonsia elegans,0,0
SUMMER,BEYOND,4,BENTHIC,13.6,Gibbonsia elegans,0,0
SUMMER,BEYOND,4,BENTHIC,16.9,Gibbonsia elegans,0,0
SUMMER,BEYOND,4,BENTHIC,19.4,Gibbonsia elegans,0,0
SUMMER,BEYOND,4,BENTHIC,23.8,Gibbonsia elegans,0,0
SUMMER,BEYOND,4,BENTHIC,26.6,Gibbonsia elegans,0,0
SUMMER,BEYOND,4,BENTHIC,27.9,Gibbonsia elegans,0,0
SUMMER,PARSONS,1,BENTHIC,0.4,Gibbonsia elegans,0,0
SUMMER,PARSONS,1,BENTHIC,4.2,Gibbonsia elegans,0,0
SUMMER,PARSONS,1,BENTHIC,6.5,Gibbonsia elegans,0,0
SUMMER,PARSONS,1,BENTHIC,11.3,Gibbonsia elegans,0,0
SUMMER,PARSONS,1,BENTHIC,13.9,Gibbonsia elegans,0,0
SUMMER,PARSONS,1,BENTHIC,15.3,Gibbonsia elegans,0,0
SUMMER,PARSONS,1,BENTHIC,19.2,Gibbonsia elegans,0,0
SUMMER,PARSONS,1,BENTHIC,22.3,Gibbonsia elegans,0,0
SUMMER,PARSONS,1,BENTHIC,25.8,Gibbonsia elegans,0,0
SUMMER,PARSONS,1,BENTHIC,27.1,Gibbonsia elegans,0,0
SUMMER,PARSONS,2,BENTHIC,0.3,Gibbonsia elegans,0,0
SUMMER,PARSONS,2,BENTHIC,4.5,Gibbonsia elegans,0,0
SUMMER,PARSONS,2,BENTHIC,7.3,Gibbonsia elegans,0,0
SUMMER,PARSONS,2,BENTHIC,9.7,Gibbonsia elegans,0,0
SUMMER,PARSONS,2,BENTHIC,14.4,Gibbonsia elegans,0,0
SUMMER,PARSONS,2,BENTHIC,17.1,Gibbonsia elegans,0,0
SUMMER,PARSONS,2,BENTHIC,20.6,Gibbonsia elegans,0,0
SUMMER,PARSONS,2,BENTHIC,21.1,Gibbonsia elegans,0,0
SUMMER,PARSONS,2,BENTHIC,24.4,Gibbonsia elegans,0,0
SUMMER,PARSONS,2,BENTHIC,29.1,Gibbonsia elegans,0,0
SUMMER,PARSONS,3,BENTHIC,2.8,Gibbonsia elegans,0,0
SUMMER,PARSONS,3,BENTHIC,5.8,Gibbonsia elegans,0,0
SUMMER,PARSONS,3,BENTHIC,8,Gibbonsia elegans,0,0
SUMMER,PARSONS,3,BENTHIC,10.7,Gibbonsia elegans,0,0
SUMMER,PARSONS,3,BENTHIC,13.7,Gibbonsia elegans,0,0
SUMMER,PARSONS,3,BENTHIC,17.4,Gibbonsia elegans,0,0
SUMMER,PARSONS,3,BENTHIC,18.2,Gibbonsia elegans,0,0
SUMMER,PARSONS,3,BENTHIC,23.7,Gibbonsia elegans,0,0
SUMMER,PARSONS,3,BENTHIC,26.4,Gibbonsia elegans,0,0
SUMMER,PARSONS,3,BENTHIC,28.7,Gibbonsia elegans,0,0
SUMMER,PARSONS,4,BENTHIC,2.8,Gibbonsia elegans,0,0
SUMMER,PARSONS,4,BENTHIC,5.6,Gibbonsia elegans,0,0
SUMMER,PARSONS,4,BENTHIC,6.8,Gibbonsia elegans,0,0
SUMMER,PARSONS,4,BENTHIC,10.9,Gibbonsia elegans,0,0
SUMMER,PARSONS,4,BENTHIC,14.6,Gibbonsia elegans,0,0
SUMMER,PARSONS,4,BENTHIC,16,Gibbonsia elegans,0,0
SUMMER,PARSONS,4,BENTHIC,18.6,Gibbonsia elegans,0,0
SUMMER,PARSONS,4,BENTHIC,22,Gibbonsia elegans,0,0
SUMMER,PARSONS,4,BENTHIC,24.7,Gibbonsia elegans,0,0
SUMMER,PARSONS,4,BENTHIC,29.5,Gibbonsia elegans,0,0
SUMMER,ARROW,1,BENTHIC,0.1,Gibbonsia elegans,0,0
SUMMER,ARROW,1,BENTHIC,5.9,Gibbonsia elegans,0,0
SUMMER,ARROW,1,BENTHIC,7.7,Gibbonsia elegans,0,0
SUMMER,ARROW,1,BENTHIC,11.7,Gibbonsia elegans,0,0
SUMMER,ARROW,1,BENTHIC,13.6,Gibbonsia elegans,0,0
SUMMER,ARROW,1,BENTHIC,17.7,Gibbonsia elegans,0,0
SUMMER,ARROW,1,BENTHIC,20,Gibbonsia elegans,0,0
SUMMER,ARROW,1,BENTHIC,21.4,Gibbonsia elegans,0,0
SUMMER,ARROW,1,BENTHIC,25.1,Gibbonsia elegans,0,0
SUMMER,ARROW,1,BENTHIC,29.9,Gibbonsia elegans,0,0
SUMMER,ARROW,2,BENTHIC,1.2,Gibbonsia elegans,0,0
SUMMER,ARROW,2,BENTHIC,3.3,Gibbonsia elegans,0,0
SUMMER,ARROW,2,BENTHIC,8.8,Gibbonsia elegans,0,0
SUMMER,ARROW,2,BENTHIC,10.7,Gibbonsia elegans,0,0
SUMMER,ARROW,2,BENTHIC,13.2,Gibbonsia elegans,0,0
SUMMER,ARROW,2,BENTHIC,17.8,Gibbonsia elegans,0,0
SUMMER,ARROW,2,BENTHIC,19,Gibbonsia elegans,0,0
SUMMER,ARROW,2,BENTHIC,23,Gibbonsia elegans,0,0
SUMMER,ARROW,2,BENTHIC,24.3,Gibbonsia elegans,0,0
SUMMER,ARROW,2,BENTHIC,27.1,Gibbonsia elegans,0,0
SUMMER,ARROW,3,BENTHIC,1,Gibbonsia elegans,0,0
SUMMER,ARROW,3,BENTHIC,4.2,Gibbonsia elegans,0,0
SUMMER,ARROW,3,BENTHIC,7.6,Gibbonsia elegans,0,0
SUMMER,ARROW,3,BENTHIC,9.3,Gibbonsia elegans,0,0
SUMMER,ARROW,3,BENTHIC,13.9,Gibbonsia elegans,0,0
SUMMER,ARROW,3,BENTHIC,15.5,Gibbonsia elegans,0,0
SUMMER,ARROW,3,BENTHIC,20,Gibbonsia elegans,0,0
SUMMER,ARROW,3,BENTHIC,22.2,Gibbonsia elegans,0,0
SUMMER,ARROW,3,BENTHIC,25.8,Gibbonsia elegans,0,0
SUMMER,ARROW,3,BENTHIC,27.4,Gibbonsia elegans,0,0
SUMMER,ARROW,4,BENTHIC,0.3,Gibbonsia elegans,0,0
SUMMER,ARROW,4,BENTHIC,4.2,Gibbonsia elegans,0,0
SUMMER,ARROW,4,BENTHIC,7.5,Gibbonsia elegans,0,0
SUMMER,ARROW,4,BENTHIC,10.3,Gibbonsia elegans,0,0
SUMMER,ARROW,4,BENTHIC,12.7,Gibbonsia elegans,0,0
SUMMER,ARROW,4,BENTHIC,15.1,Gibbonsia elegans,0,0
SUMMER,ARROW,4,BENTHIC,18.6,Gibbonsia elegans,0,0
SUMMER,ARROW,4,BENTHIC,23.7,Gibbonsia elegans,0,0
SUMMER,ARROW,4,BENTHIC,24.2,Gibbonsia elegans,0,0
SUMMER,ARROW,4,BENTHIC,29.8,Gibbonsia elegans,0,0
SUMMER,INDIANS,1,BENTHIC,2.3,Gibbonsia elegans,0,0
SUMMER,INDIANS,1,BENTHIC,5.5,Gibbonsia elegans,0,0
SUMMER,INDIANS,1,BENTHIC,8.8,Gibbonsia elegans,0,0
SUMMER,INDIANS,1,BENTHIC,9.5,Gibbonsia elegans,0,0
SUMMER,INDIANS,1,BENTHIC,13.4,Gibbonsia elegans,0,1
SUMMER,INDIANS,1,BENTHIC,16.2,Gibbonsia elegans,0,0
SUMMER,INDIANS,1,BENTHIC,18,Gibbonsia elegans,0,0
SUMMER,INDIANS,1,BENTHIC,21,Gibbonsia elegans,0,0
SUMMER,INDIANS,1,BENTHIC,26,Gibbonsia elegans,0,0
SUMMER,INDIANS,1,BENTHIC,28.2,Gibbonsia elegans,0,0
SUMMER,INDIANS,2,BENTHIC,2,Gibbonsia elegans,0,0
SUMMER,INDIANS,2,BENTHIC,4.9,Gibbonsia elegans,0,0
SUMMER,INDIANS,2,BENTHIC,6.5,Gibbonsia elegans,0,0
SUMMER,INDIANS,2,BENTHIC,11.8,Gibbonsia elegans,0,0
SUMMER,INDIANS,2,BENTHIC,13.4,Gibbonsia elegans,0,0
SUMMER,INDIANS,2,BENTHIC,16.2,Gibbonsia elegans,0,0
SUMMER,INDIANS,2,BENTHIC,21,Gibbonsia elegans,0,0
SUMMER,INDIANS,2,BENTHIC,23.8,Gibbonsia elegans,0,0
SUMMER,INDIANS,2,BENTHIC,24.7,Gibbonsia elegans,0,0
SUMMER,INDIANS,2,BENTHIC,27.4,Gibbonsia elegans,0,0
SUMMER,INDIANS,3,BENTHIC,1.5,Gibbonsia elegans,0,0
SUMMER,INDIANS,3,BENTHIC,5.2,Gibbonsia elegans,0,0
SUMMER,INDIANS,3,BENTHIC,6.5,Gibbonsia elegans,0,0
SUMMER,INDIANS,3,BENTHIC,11.6,Gibbonsia elegans,0,0
SUMMER,INDIANS,3,BENTHIC,14.5,Gibbonsia elegans,0,0
SUMMER,INDIANS,3,BENTHIC,15.7,Gibbonsia elegans,0,0
SUMMER,INDIANS,3,BENTHIC,18.7,Gibbonsia elegans,0,0
SUMMER,INDIANS,3,BENTHIC,23.1,Gibbonsia elegans,0,0
SUMMER,INDIANS,3,BENTHIC,26.6,Gibbonsia elegans,0,0
SUMMER,INDIANS,3,BENTHIC,29.1,Gibbonsia elegans,0,0
SUMMER,INDIANS,4,BENTHIC,0.3,Gibbonsia elegans,0,0
SUMMER,INDIANS,4,BENTHIC,5.8,Gibbonsia elegans,0,0
SUMMER,INDIANS,4,BENTHIC,8.5,Gibbonsia elegans,0,0
SUMMER,INDIANS,4,BENTHIC,11.4,Gibbonsia elegans,0,0
SUMMER,INDIANS,4,BENTHIC,12.4,Gibbonsia elegans,0,0
SUMMER,INDIANS,4,BENTHIC,16.4,Gibbonsia elegans,0,0
SUMMER,INDIANS,4,BENTHIC,20.5,Gibbonsia elegans,0,0
SUMMER,INDIANS,4,BENTHIC,22,Gibbonsia elegans,0,0
SUMMER,INDIANS,4,BENTHIC,25,Gibbonsia elegans,0,0
SUMMER,INDIANS,4,BENTHIC,27.5,Gibbonsia elegans,0,0
SUMMER,PARADISE,1,BENTHIC,0.9,Gibbonsia elegans,0,0
SUMMER,PARADISE,1,BENTHIC,3.4,Gibbonsia elegans,0,0
SUMMER,PARADISE,1,BENTHIC,8.6,Gibbonsia elegans,0,0
SUMMER,PARADISE,1,BENTHIC,9.6,Gibbonsia elegans,0,0
SUMMER,PARADISE,1,BENTHIC,14.8,Gibbonsia elegans,0,0
SUMMER,PARADISE,1,BENTHIC,17,Gibbonsia elegans,0,0
SUMMER,PARADISE,1,BENTHIC,20.3,Gibbonsia elegans,0,0
SUMMER,PARADISE,1,BENTHIC,23.2,Gibbonsia elegans,0,0
SUMMER,PARADISE,1,BENTHIC,26.4,Gibbonsia elegans,0,0
SUMMER,PARADISE,1,BENTHIC,27.7,Gibbonsia elegans,0,0
SUMMER,PARADISE,2,BENTHIC,2.5,Gibbonsia elegans,0,0
SUMMER,PARADISE,2,BENTHIC,6,Gibbonsia elegans,0,0
SUMMER,PARADISE,2,BENTHIC,6.8,Gibbonsia elegans,0,0
SUMMER,PARADISE,2,BENTHIC,10.3,Gibbonsia elegans,0,0
SUMMER,PARADISE,2,BENTHIC,14.9,Gibbonsia elegans,0,0
SUMMER,PARADISE,2,BENTHIC,15.1,Gibbonsia elegans,0,0
SUMMER,PARADISE,2,BENTHIC,19.8,Gibbonsia elegans,0,0
SUMMER,PARADISE,2,BENTHIC,22.4,Gibbonsia elegans,0,0
SUMMER,PARADISE,2,BENTHIC,26.4,Gibbonsia elegans,0,0
SUMMER,PARADISE,2,BENTHIC,27.5,Gibbonsia elegans,0,0
SUMMER,PARADISE,3,BENTHIC,1.2,Gibbonsia elegans,0,0
SUMMER,PARADISE,3,BENTHIC,4.9,Gibbonsia elegans,0,0
SUMMER,PARADISE,3,BENTHIC,7.8,Gibbonsia elegans,0,0
SUMMER,PARADISE,3,BENTHIC,11.6,Gibbonsia elegans,0,0
SUMMER,PARADISE,3,BENTHIC,13.8,Gibbonsia elegans,0,0
SUMMER,PARADISE,3,BENTHIC,16.5,Gibbonsia elegans,0,0
SUMMER,PARADISE,3,BENTHIC,20.7,Gibbonsia elegans,0,0
SUMMER,PARADISE,3,BENTHIC,21.9,Gibbonsia elegans,0,0
SUMMER,PARADISE,3,BENTHIC,26.3,Gibbonsia elegans,0,0
SUMMER,PARADISE,3,BENTHIC,28.9,Gibbonsia elegans,0,0
SUMMER,PARADISE,4,BENTHIC,2.3,Gibbonsia elegans,0,0
SUMMER,PARADISE,4,BENTHIC,5,Gibbonsia elegans,0,0
SUMMER,PARADISE,4,BENTHIC,6.3,Gibbonsia elegans,0,0
SUMMER,PARADISE,4,BENTHIC,11.8,Gibbonsia elegans,0,0
SUMMER,PARADISE,4,BENTHIC,13.7,Gibbonsia elegans,0,0
SUMMER,PARADISE,4,BENTHIC,16.9,Gibbonsia elegans,0,0
SUMMER,PARADISE,4,BENTHIC,19.4,Gibbonsia elegans,0,0
SUMMER,PARADISE,4,BENTHIC,22.4,Gibbonsia elegans,0,0
SUMMER,PARADISE,4,BENTHIC,24.8,Gibbonsia elegans,0,0
SUMMER,PARADISE,4,BENTHIC,27.5,Gibbonsia elegans,0,0
SUMMER,ISTHMUS,1,BENTHIC,2.1,Gibbonsia elegans,0,0
SUMMER,ISTHMUS,1,BENTHIC,4.2,Gibbonsia elegans,0,0
SUMMER,ISTHMUS,1,BENTHIC,6.3,Gibbonsia elegans,0,0
SUMMER,ISTHMUS,1,BENTHIC,10,Gibbonsia elegans,0,0
SUMMER,ISTHMUS,1,BENTHIC,14.1,Gibbonsia elegans,0,0
SUMMER,ISTHMUS,1,BENTHIC,15.5,Gibbonsia elegans,0,0
SUMMER,ISTHMUS,1,BENTHIC,19.1,Gibbonsia elegans,0,0
SUMMER,ISTHMUS,1,BENTHIC,21,Gibbonsia elegans,0,0
SUMMER,ISTHMUS,1,BENTHIC,24.6,Gibbonsia elegans,0,0
SUMMER,ISTHMUS,1,BENTHIC,28.4,Gibbonsia elegans,0,0
SUMMER,ISTHMUS,2,BENTHIC,3,Gibbonsia elegans,0,0
SUMMER,ISTHMUS,2,BENTHIC,3.6,Gibbonsia elegans,0,0
SUMMER,ISTHMUS,2,BENTHIC,7.8,Gibbonsia elegans,0,0
SUMMER,ISTHMUS,2,BENTHIC,12,Gibbonsia elegans,0,0
SUMMER,ISTHMUS,2,BENTHIC,14.5,Gibbonsia elegans,0,0
SUMMER,ISTHMUS,2,BENTHIC,15.7,Gibbonsia elegans,0,0
SUMMER,ISTHMUS,2,BENTHIC,19.4,Gibbonsia elegans,0,0
SUMMER,ISTHMUS,2,BENTHIC,21.3,Gibbonsia elegans,0,0
SUMMER,ISTHMUS,2,BENTHIC,25.1,Gibbonsia elegans,0,0
SUMMER,ISTHMUS,2,BENTHIC,27.2,Gibbonsia elegans,0,0
SUMMER,ISTHMUS,3,BENTHIC,0.8,Gibbonsia elegans,0,0
SUMMER,ISTHMUS,3,BENTHIC,3,Gibbonsia elegans,0,0
SUMMER,ISTHMUS,3,BENTHIC,6.8,Gibbonsia elegans,0,0
SUMMER,ISTHMUS,3,BENTHIC,11.7,Gibbonsia elegans,0,0
SUMMER,ISTHMUS,3,BENTHIC,15,Gibbonsia elegans,0,0
SUMMER,ISTHMUS,3,BENTHIC,16.9,Gibbonsia elegans,0,0
SUMMER,ISTHMUS,3,BENTHIC,18.1,Gibbonsia elegans,0,0
SUMMER,ISTHMUS,3,BENTHIC,21.5,Gibbonsia elegans,0,0
SUMMER,ISTHMUS,3,BENTHIC,25.7,Gibbonsia elegans,0,0
SUMMER,ISTHMUS,3,BENTHIC,28.8,Gibbonsia elegans,0,0
SUMMER,ISTHMUS,4,BENTHIC,0.1,Gibbonsia elegans,0,0
SUMMER,ISTHMUS,4,BENTHIC,4.5,Gibbonsia elegans,0,0
SUMMER,ISTHMUS,4,BENTHIC,8.1,Gibbonsia elegans,0,0
SUMMER,ISTHMUS,4,BENTHIC,10.7,Gibbonsia elegans,0,0
SUMMER,ISTHMUS,4,BENTHIC,12.1,Gibbonsia elegans,0,0
SUMMER,ISTHMUS,4,BENTHIC,15.7,Gibbonsia elegans,0,0
SUMMER,ISTHMUS,4,BENTHIC,19.8,Gibbonsia elegans,0,0
SUMMER,ISTHMUS,4,BENTHIC,21.8,Gibbonsia elegans,0,0
SUMMER,ISTHMUS,4,BENTHIC,25,Gibbonsia elegans,0,0
SUMMER,ISTHMUS,4,BENTHIC,27.5,Gibbonsia elegans,0,0
SUMMER,EMPIRE,1,BENTHIC,3,Gibbonsia elegans,0,0
SUMMER,EMPIRE,1,BENTHIC,4.6,Gibbonsia elegans,0,0
SUMMER,EMPIRE,1,BENTHIC,6.1,Gibbonsia elegans,0,0
SUMMER,EMPIRE,1,BENTHIC,10.8,Gibbonsia elegans,0,0
SUMMER,EMPIRE,1,BENTHIC,13.6,Gibbonsia elegans,0,0
SUMMER,EMPIRE,1,BENTHIC,17.4,Gibbonsia elegans,0,0
SUMMER,EMPIRE,1,BENTHIC,19.5,Gibbonsia elegans,0,0
SUMMER,EMPIRE,1,BENTHIC,21.5,Gibbonsia elegans,0,0
SUMMER,EMPIRE,1,BENTHIC,25.4,Gibbonsia elegans,0,0
SUMMER,EMPIRE,1,BENTHIC,27.2,Gibbonsia elegans,0,0
SUMMER,EMPIRE,2,BENTHIC,2.4,Gibbonsia elegans,0,0
SUMMER,EMPIRE,2,BENTHIC,4.5,Gibbonsia elegans,0,0
SUMMER,EMPIRE,2,BENTHIC,6.1,Gibbonsia elegans,0,0
SUMMER,EMPIRE,2,BENTHIC,9.8,Gibbonsia elegans,0,0
SUMMER,EMPIRE,2,BENTHIC,14.9,Gibbonsia elegans,0,0
SUMMER,EMPIRE,2,BENTHIC,15.3,Gibbonsia elegans,0,0
SUMMER,EMPIRE,2,BENTHIC,18,Gibbonsia elegans,0,0
SUMMER,EMPIRE,2,BENTHIC,22.7,Gibbonsia elegans,0,0
SUMMER,EMPIRE,2,BENTHIC,26.5,Gibbonsia elegans,0,0
SUMMER,EMPIRE,2,BENTHIC,27.5,Gibbonsia elegans,0,0
SUMMER,EMPIRE,3,BENTHIC,2.2,Gibbonsia elegans,0,0
SUMMER,EMPIRE,3,BENTHIC,4.6,Gibbonsia elegans,0,0
SUMMER,EMPIRE,3,BENTHIC,6.9,Gibbonsia elegans,0,0
SUMMER,EMPIRE,3,BENTHIC,9.7,Gibbonsia elegans,0,0
SUMMER,EMPIRE,3,BENTHIC,12.9,Gibbonsia elegans,0,0
SUMMER,EMPIRE,3,BENTHIC,17,Gibbonsia elegans,0,0
SUMMER,EMPIRE,3,BENTHIC,19.1,Gibbonsia elegans,0,0
SUMMER,EMPIRE,3,BENTHIC,22.6,Gibbonsia elegans,0,0
SUMMER,EMPIRE,3,BENTHIC,24,Gibbonsia elegans,0,0
SUMMER,EMPIRE,3,BENTHIC,28.6,Gibbonsia elegans,0,0
SUMMER,EMPIRE,4,BENTHIC,0.1,Gibbonsia elegans,0,0
SUMMER,EMPIRE,4,BENTHIC,4.8,Gibbonsia elegans,0,0
SUMMER,EMPIRE,4,BENTHIC,6.1,Gibbonsia elegans,0,0
SUMMER,EMPIRE,4,BENTHIC,12,Gibbonsia elegans,0,0
SUMMER,EMPIRE,4,BENTHIC,12.3,Gibbonsia elegans,0,0
SUMMER,EMPIRE,4,BENTHIC,15.8,Gibbonsia elegans,0,0
SUMMER,EMPIRE,4,BENTHIC,20.4,Gibbonsia elegans,0,0
SUMMER,EMPIRE,4,BENTHIC,21.8,Gibbonsia elegans,0,0
SUMMER,EMPIRE,4,BENTHIC,26,Gibbonsia elegans,0,0
SUMMER,EMPIRE,4,BENTHIC,30,Gibbonsia elegans,0,0
FALL,INDIANS,1,BENTHIC,2.1,Gibbonsia elegans,0,0
FALL,INDIANS,1,BENTHIC,4.2,Gibbonsia elegans,0,0
FALL,INDIANS,1,BENTHIC,8.3,Gibbonsia elegans,0,0
FALL,INDIANS,1,BENTHIC,9.4,Gibbonsia elegans,0,0
FALL,INDIANS,1,BENTHIC,12.4,Gibbonsia elegans,0,0
FALL,INDIANS,1,BENTHIC,17.4,Gibbonsia elegans,0,0
FALL,INDIANS,1,BENTHIC,19.5,Gibbonsia elegans,0,0
FALL,INDIANS,1,BENTHIC,23.8,Gibbonsia elegans,0,0
FALL,INDIANS,1,BENTHIC,26.8,Gibbonsia elegans,0,0
FALL,INDIANS,1,BENTHIC,29.1,Gibbonsia elegans,0,0
FALL,INDIANS,2,BENTHIC,0,Gibbonsia elegans,0,0
FALL,INDIANS,2,BENTHIC,3.3,Gibbonsia elegans,0,0
FALL,INDIANS,2,BENTHIC,6.8,Gibbonsia elegans,0,0
FALL,INDIANS,2,BENTHIC,12,Gibbonsia elegans,0,0
FALL,INDIANS,2,BENTHIC,13.5,Gibbonsia elegans,0,0
FALL,INDIANS,2,BENTHIC,15.6,Gibbonsia elegans,0,0
FALL,INDIANS,2,BENTHIC,18.4,Gibbonsia elegans,0,0
FALL,INDIANS,2,BENTHIC,23.4,Gibbonsia elegans,0,0
FALL,INDIANS,2,BENTHIC,24,Gibbonsia elegans,0,0
FALL,INDIANS,2,BENTHIC,28.4,Gibbonsia elegans,0,0
FALL,INDIANS,3,BENTHIC,2.4,Gibbonsia elegans,0,0
FALL,INDIANS,3,BENTHIC,4.7,Gibbonsia elegans,0,0
FALL,INDIANS,3,BENTHIC,7,Gibbonsia elegans,0,0
FALL,INDIANS,3,BENTHIC,10.4,Gibbonsia elegans,0,0
FALL,INDIANS,3,BENTHIC,12.4,Gibbonsia elegans,0,0
FALL,INDIANS,3,BENTHIC,15,Gibbonsia elegans,0,0
FALL,INDIANS,3,BENTHIC,18.2,Gibbonsia elegans,0,0
FALL,INDIANS,3,BENTHIC,22.3,Gibbonsia elegans,0,0
FALL,INDIANS,3,BENTHIC,25.1,Gibbonsia elegans,0,0
FALL,INDIANS,3,BENTHIC,28.9,Gibbonsia elegans,0,0
FALL,INDIANS,4,BENTHIC,2.9,Gibbonsia elegans,0,0
FALL,INDIANS,4,BENTHIC,4.2,Gibbonsia elegans,0,0
FALL,INDIANS,4,BENTHIC,7.5,Gibbonsia elegans,0,0
FALL,INDIANS,4,BENTHIC,12,Gibbonsia elegans,0,0
FALL,INDIANS,4,BENTHIC,13.9,Gibbonsia elegans,0,0
FALL,INDIANS,4,BENTHIC,16.4,Gibbonsia elegans,0,0
FALL,INDIANS,4,BENTHIC,21.4,Gibbonsia elegans,0,0
FALL,INDIANS,4,BENTHIC,24.1,Gibbonsia elegans,0,0
FALL,INDIANS,4,BENTHIC,27.2,Gibbonsia elegans,0,0
FALL,INDIANS,4,BENTHIC,29,Gibbonsia elegans,0,0
FALL,ARROW,1,BENTHIC,2.4,Gibbonsia elegans,0,0
FALL,ARROW,1,BENTHIC,5.9,Gibbonsia elegans,0,0
FALL,ARROW,1,BENTHIC,6.9,Gibbonsia elegans,0,0
FALL,ARROW,1,BENTHIC,10.2,Gibbonsia elegans,0,0
FALL,ARROW,1,BENTHIC,12.5,Gibbonsia elegans,0,0
FALL,ARROW,1,BENTHIC,15.9,Gibbonsia elegans,0,0
FALL,ARROW,1,BENTHIC,19.8,Gibbonsia elegans,0,0
FALL,ARROW,1,BENTHIC,24,Gibbonsia elegans,0,0
FALL,ARROW,1,BENTHIC,25.8,Gibbonsia elegans,0,0
FALL,ARROW,1,BENTHIC,27.1,Gibbonsia elegans,0,0
FALL,ARROW,2,BENTHIC,0.7,Gibbonsia elegans,0,0
FALL,ARROW,2,BENTHIC,4.7,Gibbonsia elegans,0,0
FALL,ARROW,2,BENTHIC,8,Gibbonsia elegans,0,0
FALL,ARROW,2,BENTHIC,9.4,Gibbonsia elegans,0,0
FALL,ARROW,2,BENTHIC,14.1,Gibbonsia elegans,0,0
FALL,ARROW,2,BENTHIC,16.7,Gibbonsia elegans,0,0
FALL,ARROW,2,BENTHIC,19.8,Gibbonsia elegans,0,0
FALL,ARROW,2,BENTHIC,23.8,Gibbonsia elegans,0,0
FALL,ARROW,2,BENTHIC,24.1,Gibbonsia elegans,0,0
FALL,ARROW,2,BENTHIC,28.6,Gibbonsia elegans,0,0
FALL,ARROW,3,BENTHIC,1.8,Gibbonsia elegans,0,0
FALL,ARROW,3,BENTHIC,4.4,Gibbonsia elegans,0,0
FALL,ARROW,3,BENTHIC,7.7,Gibbonsia elegans,0,0
FALL,ARROW,3,BENTHIC,9.9,Gibbonsia elegans,0,0
FALL,ARROW,3,BENTHIC,14.2,Gibbonsia elegans,0,0
FALL,ARROW,3,BENTHIC,16,Gibbonsia elegans,0,0
FALL,ARROW,3,BENTHIC,20,Gibbonsia elegans,0,0
FALL,ARROW,3,BENTHIC,23.7,Gibbonsia elegans,0,0
FALL,ARROW,3,BENTHIC,24.8,Gibbonsia elegans,0,0
FALL,ARROW,3,BENTHIC,27.3,Gibbonsia elegans,0,0
FALL,ARROW,4,BENTHIC,1.4,Gibbonsia elegans,0,0
FALL,ARROW,4,BENTHIC,5.8,Gibbonsia elegans,0,0
FALL,ARROW,4,BENTHIC,7.6,Gibbonsia elegans,0,0
FALL,ARROW,4,BENTHIC,10.1,Gibbonsia elegans,0,0
FALL,ARROW,4,BENTHIC,13.2,Gibbonsia elegans,0,0
FALL,ARROW,4,BENTHIC,15,Gibbonsia elegans,0,0
FALL,ARROW,4,BENTHIC,19,Gibbonsia elegans,0,0
FALL,ARROW,4,BENTHIC,23.1,Gibbonsia elegans,0,0
FALL,ARROW,4,BENTHIC,25.6,Gibbonsia elegans,0,0
FALL,ARROW,4,BENTHIC,27,Gibbonsia elegans,0,0
FALL,PARSONS,1,BENTHIC,2.6,Gibbonsia elegans,0,0
FALL,PARSONS,1,BENTHIC,3.6,Gibbonsia elegans,0,0
FALL,PARSONS,1,BENTHIC,8.5,Gibbonsia elegans,0,0
FALL,PARSONS,1,BENTHIC,9.6,Gibbonsia elegans,0,0
FALL,PARSONS,1,BENTHIC,14.8,Gibbonsia elegans,0,0
FALL,PARSONS,1,BENTHIC,16.5,Gibbonsia elegans,0,0
FALL,PARSONS,1,BENTHIC,19.7,Gibbonsia elegans,0,0
FALL,PARSONS,1,BENTHIC,23.3,Gibbonsia elegans,0,0
FALL,PARSONS,1,BENTHIC,24,Gibbonsia elegans,0,0
FALL,PARSONS,1,BENTHIC,28,Gibbonsia elegans,0,0
FALL,PARSONS,2,BENTHIC,2.8,Gibbonsia elegans,0,0
FALL,PARSONS,2,BENTHIC,3.7,Gibbonsia elegans,0,0
FALL,PARSONS,2,BENTHIC,7,Gibbonsia elegans,0,0
FALL,PARSONS,2,BENTHIC,10.2,Gibbonsia elegans,0,0
FALL,PARSONS,2,BENTHIC,14.4,Gibbonsia elegans,0,0
FALL,PARSONS,2,BENTHIC,15.8,Gibbonsia elegans,0,0
FALL,PARSONS,2,BENTHIC,20.2,Gibbonsia elegans,0,0
FALL,PARSONS,2,BENTHIC,23.7,Gibbonsia elegans,0,0
FALL,PARSONS,2,BENTHIC,24.5,Gibbonsia elegans,0,0
FALL,PARSONS,2,BENTHIC,27.2,Gibbonsia elegans,0,0
FALL,PARSONS,3,BENTHIC,1.4,Gibbonsia elegans,0,0
FALL,PARSONS,3,BENTHIC,5.7,Gibbonsia elegans,0,0
FALL,PARSONS,3,BENTHIC,6.4,Gibbonsia elegans,0,0
FALL,PARSONS,3,BENTHIC,11.5,Gibbonsia elegans,0,0
FALL,PARSONS,3,BENTHIC,14.7,Gibbonsia elegans,0,0
FALL,PARSONS,3,BENTHIC,18,Gibbonsia elegans,0,0
FALL,PARSONS,3,BENTHIC,18.8,Gibbonsia elegans,0,0
FALL,PARSONS,3,BENTHIC,23.3,Gibbonsia elegans,0,0
FALL,PARSONS,3,BENTHIC,26.7,Gibbonsia elegans,0,0
FALL,PARSONS,3,BENTHIC,28.8,Gibbonsia elegans,0,0
FALL,PARSONS,4,BENTHIC,1.2,Gibbonsia elegans,0,0
FALL,PARSONS,4,BENTHIC,4.7,Gibbonsia elegans,0,0
FALL,PARSONS,4,BENTHIC,7,Gibbonsia elegans,0,0
FALL,PARSONS,4,BENTHIC,9.1,Gibbonsia elegans,0,0
FALL,PARSONS,4,BENTHIC,14.5,Gibbonsia elegans,0,0
FALL,PARSONS,4,BENTHIC,15.8,Gibbonsia elegans,0,0
FALL,PARSONS,4,BENTHIC,19.7,Gibbonsia elegans,0,0
FALL,PARSONS,4,BENTHIC,22.2,Gibbonsia elegans,0,0
FALL,PARSONS,4,BENTHIC,26.2,Gibbonsia elegans,0,0
FALL,PARSONS,4,BENTHIC,29.8,Gibbonsia elegans,0,0
FALL,BEYOND,1,BENTHIC,1.5,Gibbonsia elegans,0,0
FALL,BEYOND,1,BENTHIC,4.5,Gibbonsia elegans,0,0
FALL,BEYOND,1,BENTHIC,6.4,Gibbonsia elegans,0,0
FALL,BEYOND,1,BENTHIC,11.2,Gibbonsia elegans,0,0
FALL,BEYOND,1,BENTHIC,13.9,Gibbonsia elegans,0,0
FALL,BEYOND,1,BENTHIC,17.4,Gibbonsia elegans,0,0
FALL,BEYOND,1,BENTHIC,18,Gibbonsia elegans,0,0
FALL,BEYOND,1,BENTHIC,21.3,Gibbonsia elegans,0,0
FALL,BEYOND,1,BENTHIC,24.9,Gibbonsia elegans,0,0
FALL,BEYOND,1,BENTHIC,27.3,Gibbonsia elegans,0,0
FALL,BEYOND,2,BENTHIC,2.7,Gibbonsia elegans,0,0
FALL,BEYOND,2,BENTHIC,5.3,Gibbonsia elegans,0,0
FALL,BEYOND,2,BENTHIC,6.6,Gibbonsia elegans,0,0
FALL,BEYOND,2,BENTHIC,11.2,Gibbonsia elegans,0,0
FALL,BEYOND,2,BENTHIC,14,Gibbonsia elegans,0,0
FALL,BEYOND,2,BENTHIC,17.7,Gibbonsia elegans,0,0
FALL,BEYOND,2,BENTHIC,18.7,Gibbonsia elegans,0,0
FALL,BEYOND,2,BENTHIC,22.1,Gibbonsia elegans,0,0
FALL,BEYOND,2,BENTHIC,26.4,Gibbonsia elegans,0,0
FALL,BEYOND,2,BENTHIC,27.9,Gibbonsia elegans,0,0
FALL,BEYOND,3,BENTHIC,0.4,Gibbonsia elegans,0,0
FALL,BEYOND,3,BENTHIC,5.6,Gibbonsia elegans,0,0
FALL,BEYOND,3,BENTHIC,8.7,Gibbonsia elegans,0,0
FALL,BEYOND,3,BENTHIC,10.8,Gibbonsia elegans,0,0
FALL,BEYOND,3,BENTHIC,14.3,Gibbonsia elegans,0,0
FALL,BEYOND,3,BENTHIC,15.2,Gibbonsia elegans,0,0
FALL,BEYOND,3,BENTHIC,20.8,Gibbonsia elegans,0,0
FALL,BEYOND,3,BENTHIC,21.6,Gibbonsia elegans,0,0
FALL,BEYOND,3,BENTHIC,26.3,Gibbonsia elegans,0,0
FALL,BEYOND,3,BENTHIC,27.8,Gibbonsia elegans,0,0
FALL,BEYOND,4,BENTHIC,0.7,Gibbonsia elegans,0,0
FALL,BEYOND,4,BENTHIC,5.8,Gibbonsia elegans,0,0
FALL,BEYOND,4,BENTHIC,8.7,Gibbonsia elegans,0,0
FALL,BEYOND,4,BENTHIC,10.6,Gibbonsia elegans,0,0
FALL,BEYOND,4,BENTHIC,13,Gibbonsia elegans,0,0
FALL,BEYOND,4,BENTHIC,17,Gibbonsia elegans,0,0
FALL,BEYOND,4,BENTHIC,19.7,Gibbonsia elegans,0,0
FALL,BEYOND,4,BENTHIC,21.2,Gibbonsia elegans,0,0
FALL,BEYOND,4,BENTHIC,26.4,Gibbonsia elegans,0,0
FALL,BEYOND,4,BENTHIC,29.9,Gibbonsia elegans,0,0
FALL,ISTHMUS,1,BENTHIC,1.3,Gibbonsia elegans,0,0
FALL,ISTHMUS,1,BENTHIC,6,Gibbonsia elegans,0,0
FALL,ISTHMUS,1,BENTHIC,6.8,Gibbonsia elegans,0,0
FALL,ISTHMUS,1,BENTHIC,10.9,Gibbonsia elegans,0,0
FALL,ISTHMUS,1,BENTHIC,13.8,Gibbonsia elegans,0,0
FALL,ISTHMUS,1,BENTHIC,17.9,Gibbonsia elegans,0,0
FALL,ISTHMUS,1,BENTHIC,19.8,Gibbonsia elegans,0,0
FALL,ISTHMUS,1,BENTHIC,22,Gibbonsia elegans,0,0
FALL,ISTHMUS,1,BENTHIC,26.3,Gibbonsia elegans,0,0
FALL,ISTHMUS,1,BENTHIC,27,Gibbonsia elegans,0,0
FALL,ISTHMUS,2,BENTHIC,1.9,Gibbonsia elegans,0,0
FALL,ISTHMUS,2,BENTHIC,4.4,Gibbonsia elegans,0,0
FALL,ISTHMUS,2,BENTHIC,6.7,Gibbonsia elegans,0,0
FALL,ISTHMUS,2,BENTHIC,10.3,Gibbonsia elegans,0,0
FALL,ISTHMUS,2,BENTHIC,13.3,Gibbonsia elegans,0,0
FALL,ISTHMUS,2,BENTHIC,16.4,Gibbonsia elegans,0,0
FALL,ISTHMUS,2,BENTHIC,20.7,Gibbonsia elegans,0,0
FALL,ISTHMUS,2,BENTHIC,22.7,Gibbonsia elegans,0,0
FALL,ISTHMUS,2,BENTHIC,26.7,Gibbonsia elegans,0,0
FALL,ISTHMUS,2,BENTHIC,29.7,Gibbonsia elegans,0,0
FALL,ISTHMUS,3,BENTHIC,0.2,Gibbonsia elegans,0,0
FALL,ISTHMUS,3,BENTHIC,3.3,Gibbonsia elegans,0,0
FALL,ISTHMUS,3,BENTHIC,6.9,Gibbonsia elegans,0,0
FALL,ISTHMUS,3,BENTHIC,10.5,Gibbonsia elegans,0,0
FALL,ISTHMUS,3,BENTHIC,14.1,Gibbonsia elegans,0,0
FALL,ISTHMUS,3,BENTHIC,16.9,Gibbonsia elegans,0,0
FALL,ISTHMUS,3,BENTHIC,18.7,Gibbonsia elegans,0,0
FALL,ISTHMUS,3,BENTHIC,21.8,Gibbonsia elegans,0,0
FALL,ISTHMUS,3,BENTHIC,25.4,Gibbonsia elegans,0,0
FALL,ISTHMUS,3,BENTHIC,27.4,Gibbonsia elegans,0,0
FALL,ISTHMUS,4,BENTHIC,2.7,Gibbonsia elegans,0,0
FALL,ISTHMUS,4,BENTHIC,3.5,Gibbonsia elegans,0,0
FALL,ISTHMUS,4,BENTHIC,8.7,Gibbonsia elegans,0,0
FALL,ISTHMUS,4,BENTHIC,11.5,Gibbonsia elegans,0,0
FALL,ISTHMUS,4,BENTHIC,13.3,Gibbonsia elegans,0,0
FALL,ISTHMUS,4,BENTHIC,18,Gibbonsia elegans,0,0
FALL,ISTHMUS,4,BENTHIC,20.2,Gibbonsia elegans,0,0
FALL,ISTHMUS,4,BENTHIC,22.2,Gibbonsia elegans,0,0
FALL,ISTHMUS,4,BENTHIC,26.6,Gibbonsia elegans,0,0
FALL,ISTHMUS,4,BENTHIC,28.5,Gibbonsia elegans,0,0
FALL,PARADISE,1,BENTHIC,2.1,Gibbonsia elegans,0,0
FALL,PARADISE,1,BENTHIC,5.1,Gibbonsia elegans,0,0
FALL,PARADISE,1,BENTHIC,7.4,Gibbonsia elegans,0,0
FALL,PARADISE,1,BENTHIC,9,Gibbonsia elegans,0,0
FALL,PARADISE,1,BENTHIC,12.6,Gibbonsia elegans,0,0
FALL,PARADISE,1,BENTHIC,16.5,Gibbonsia elegans,0,0
FALL,PARADISE,1,BENTHIC,20.8,Gibbonsia elegans,0,0
FALL,PARADISE,1,BENTHIC,22.6,Gibbonsia elegans,0,0
FALL,PARADISE,1,BENTHIC,24.8,Gibbonsia elegans,0,0
FALL,PARADISE,1,BENTHIC,27.4,Gibbonsia elegans,0,0
FALL,PARADISE,2,BENTHIC,0.1,Gibbonsia elegans,0,0
FALL,PARADISE,2,BENTHIC,4,Gibbonsia elegans,0,0
FALL,PARADISE,2,BENTHIC,7.5,Gibbonsia elegans,0,0
FALL,PARADISE,2,BENTHIC,11.6,Gibbonsia elegans,0,0
FALL,PARADISE,2,BENTHIC,13.1,Gibbonsia elegans,0,0
FALL,PARADISE,2,BENTHIC,15.2,Gibbonsia elegans,0,0
FALL,PARADISE,2,BENTHIC,18.7,Gibbonsia elegans,0,0
FALL,PARADISE,2,BENTHIC,21.9,Gibbonsia elegans,0,0
FALL,PARADISE,2,BENTHIC,25.3,Gibbonsia elegans,0,0
FALL,PARADISE,2,BENTHIC,28,Gibbonsia elegans,0,0
FALL,PARADISE,3,BENTHIC,1.5,Gibbonsia elegans,0,0
FALL,PARADISE,3,BENTHIC,4.8,Gibbonsia elegans,0,0
FALL,PARADISE,3,BENTHIC,7.2,Gibbonsia elegans,0,0
FALL,PARADISE,3,BENTHIC,9.1,Gibbonsia elegans,0,0
FALL,PARADISE,3,BENTHIC,13.7,Gibbonsia elegans,0,0
FALL,PARADISE,3,BENTHIC,17.6,Gibbonsia elegans,0,0
FALL,PARADISE,3,BENTHIC,20.4,Gibbonsia elegans,0,0
FALL,PARADISE,3,BENTHIC,21,Gibbonsia elegans,0,0
FALL,PARADISE,3,BENTHIC,24.4,Gibbonsia elegans,0,0
FALL,PARADISE,3,BENTHIC,27.8,Gibbonsia elegans,0,0
FALL,PARADISE,4,BENTHIC,2.6,Gibbonsia elegans,0,0
FALL,PARADISE,4,BENTHIC,3.7,Gibbonsia elegans,0,0
FALL,PARADISE,4,BENTHIC,6.5,Gibbonsia elegans,0,0
FALL,PARADISE,4,BENTHIC,11.6,Gibbonsia elegans,0,0
FALL,PARADISE,4,BENTHIC,14,Gibbonsia elegans,0,0
FALL,PARADISE,4,BENTHIC,16.6,Gibbonsia elegans,0,0
FALL,PARADISE,4,BENTHIC,20.5,Gibbonsia elegans,0,0
FALL,PARADISE,4,BENTHIC,21.2,Gibbonsia elegans,0,0
FALL,PARADISE,4,BENTHIC,24.6,Gibbonsia elegans,0,0
FALL,PARADISE,4,BENTHIC,29.5,Gibbonsia elegans,0,0
FALL,EMPIRE,1,BENTHIC,1,Gibbonsia elegans,0,0
FALL,EMPIRE,1,BENTHIC,3.4,Gibbonsia elegans,0,0
FALL,EMPIRE,1,BENTHIC,6.2,Gibbonsia elegans,0,0
FALL,EMPIRE,1,BENTHIC,10,Gibbonsia elegans,0,0
FALL,EMPIRE,1,BENTHIC,14.1,Gibbonsia elegans,0,0
FALL,EMPIRE,1,BENTHIC,16.9,Gibbonsia elegans,0,0
FALL,EMPIRE,1,BENTHIC,19,Gibbonsia elegans,0,0
FALL,EMPIRE,1,BENTHIC,21.6,Gibbonsia elegans,0,0
FALL,EMPIRE,1,BENTHIC,24.4,Gibbonsia elegans,0,0
FALL,EMPIRE,1,BENTHIC,29.8,Gibbonsia elegans,0,0
FALL,EMPIRE,2,BENTHIC,2.9,Gibbonsia elegans,0,0
FALL,EMPIRE,2,BENTHIC,5.4,Gibbonsia elegans,0,0
FALL,EMPIRE,2,BENTHIC,7.6,Gibbonsia elegans,0,0
FALL,EMPIRE,2,BENTHIC,11.4,Gibbonsia elegans,0,0
FALL,EMPIRE,2,BENTHIC,13,Gibbonsia elegans,0,0
FALL,EMPIRE,2,BENTHIC,18,Gibbonsia elegans,0,0
FALL,EMPIRE,2,BENTHIC,19.5,Gibbonsia elegans,0,0
FALL,EMPIRE,2,BENTHIC,21.7,Gibbonsia elegans,0,0
FALL,EMPIRE,2,BENTHIC,24.2,Gibbonsia elegans,0,0
FALL,EMPIRE,2,BENTHIC,27.4,Gibbonsia elegans,0,0
FALL,EMPIRE,3,BENTHIC,2.1,Gibbonsia elegans,0,0
FALL,EMPIRE,3,BENTHIC,3.8,Gibbonsia elegans,0,0
FALL,EMPIRE,3,BENTHIC,6.2,Gibbonsia elegans,0,0
FALL,EMPIRE,3,BENTHIC,11.5,Gibbonsia elegans,0,0
FALL,EMPIRE,3,BENTHIC,14.2,Gibbonsia elegans,0,0
FALL,EMPIRE,3,BENTHIC,16.5,Gibbonsia elegans,0,0
FALL,EMPIRE,3,BENTHIC,19.2,Gibbonsia elegans,0,0
FALL,EMPIRE,3,BENTHIC,23.5,Gibbonsia elegans,0,0
FALL,EMPIRE,3,BENTHIC,26.3,Gibbonsia elegans,0,0
FALL,EMPIRE,3,BENTHIC,28.5,Gibbonsia elegans,0,0
FALL,EMPIRE,4,BENTHIC,2,Gibbonsia elegans,0,0
FALL,EMPIRE,4,BENTHIC,3.7,Gibbonsia elegans,0,0
FALL,EMPIRE,4,BENTHIC,8.1,Gibbonsia elegans,0,0
FALL,EMPIRE,4,BENTHIC,11.6,Gibbonsia elegans,0,0
FALL,EMPIRE,4,BENTHIC,15,Gibbonsia elegans,0,0
FALL,EMPIRE,4,BENTHIC,15.3,Gibbonsia elegans,0,0
FALL,EMPIRE,4,BENTHIC,18.3,Gibbonsia elegans,0,0
FALL,EMPIRE,4,BENTHIC,23.5,Gibbonsia elegans,0,0
FALL,EMPIRE,4,BENTHIC,26.3,Gibbonsia elegans,0,0
FALL,EMPIRE,4,BENTHIC,27.4,Gibbonsia elegans,0,0
WINTER,BEYOND,1,BENTHIC,1.5,Gibbonsia elegans,0,0
WINTER,BEYOND,1,BENTHIC,4.5,Gibbonsia elegans,0,0
WINTER,BEYOND,1,BENTHIC,6.4,Gibbonsia elegans,0,0
WINTER,BEYOND,1,BENTHIC,11.2,Gibbonsia elegans,0,0
WINTER,BEYOND,1,BENTHIC,13.9,Gibbonsia elegans,0,0
WINTER,BEYOND,1,BENTHIC,17.4,Gibbonsia elegans,0,0
WINTER,BEYOND,1,BENTHIC,18,Gibbonsia elegans,0,0
WINTER,BEYOND,1,BENTHIC,21.3,Gibbonsia elegans,0,0
WINTER,BEYOND,1,BENTHIC,24.9,Gibbonsia elegans,0,0
WINTER,BEYOND,1,BENTHIC,27.3,Gibbonsia elegans,0,0
WINTER,BEYOND,2,BENTHIC,2.7,Gibbonsia elegans,0,0
WINTER,BEYOND,2,BENTHIC,5.3,Gibbonsia elegans,0,0
WINTER,BEYOND,2,BENTHIC,6.6,Gibbonsia elegans,0,0
WINTER,BEYOND,2,BENTHIC,11.2,Gibbonsia elegans,0,0
WINTER,BEYOND,2,BENTHIC,14,Gibbonsia elegans,0,0
WINTER,BEYOND,2,BENTHIC,17.7,Gibbonsia elegans,0,0
WINTER,BEYOND,2,BENTHIC,18.7,Gibbonsia elegans,0,0
WINTER,BEYOND,2,BENTHIC,22.1,Gibbonsia elegans,0,0
WINTER,BEYOND,2,BENTHIC,26.9,Gibbonsia elegans,0,0
WINTER,BEYOND,2,BENTHIC,27.8,Gibbonsia elegans,0,0
WINTER,BEYOND,3,BENTHIC,0.4,Gibbonsia elegans,0,0
WINTER,BEYOND,3,BENTHIC,5.6,Gibbonsia elegans,0,0
WINTER,BEYOND,3,BENTHIC,8.7,Gibbonsia elegans,0,0
WINTER,BEYOND,3,BENTHIC,10.8,Gibbonsia elegans,0,0
WINTER,BEYOND,3,BENTHIC,14.3,Gibbonsia elegans,0,0
WINTER,BEYOND,3,BENTHIC,15.2,Gibbonsia elegans,0,0
WINTER,BEYOND,3,BENTHIC,20.8,Gibbonsia elegans,0,0
WINTER,BEYOND,3,BENTHIC,21.1,Gibbonsia elegans,0,0
WINTER,BEYOND,3,BENTHIC,26.3,Gibbonsia elegans,0,0
WINTER,BEYOND,3,BENTHIC,27.8,Gibbonsia elegans,0,0
WINTER,BEYOND,4,BENTHIC,0.7,Gibbonsia elegans,0,0
WINTER,BEYOND,4,BENTHIC,5.9,Gibbonsia elegans,0,0
WINTER,BEYOND,4,BENTHIC,8.7,Gibbonsia elegans,0,0
WINTER,BEYOND,4,BENTHIC,10.6,Gibbonsia elegans,0,0
WINTER,BEYOND,4,BENTHIC,13,Gibbonsia elegans,0,0
WINTER,BEYOND,4,BENTHIC,17,Gibbonsia elegans,0,0
WINTER,BEYOND,4,BENTHIC,19.7,Gibbonsia elegans,0,0
WINTER,BEYOND,4,BENTHIC,21.2,Gibbonsia elegans,0,0
WINTER,BEYOND,4,BENTHIC,26.4,Gibbonsia elegans,0,0
WINTER,BEYOND,4,BENTHIC,27.9,Gibbonsia elegans,0,0
WINTER,ISTHMUS,1,BENTHIC,3,Gibbonsia elegans,0,0
WINTER,ISTHMUS,1,BENTHIC,5.1,Gibbonsia elegans,0,0
WINTER,ISTHMUS,1,BENTHIC,7.9,Gibbonsia elegans,0,0
WINTER,ISTHMUS,1,BENTHIC,10.4,Gibbonsia elegans,0,0
WINTER,ISTHMUS,1,BENTHIC,12.4,Gibbonsia elegans,0,0
WINTER,ISTHMUS,1,BENTHIC,17.3,Gibbonsia elegans,0,0
WINTER,ISTHMUS,1,BENTHIC,19,Gibbonsia elegans,0,0
WINTER,ISTHMUS,1,BENTHIC,21.8,Gibbonsia elegans,0,0
WINTER,ISTHMUS,1,BENTHIC,24.7,Gibbonsia elegans,0,0
WINTER,ISTHMUS,1,BENTHIC,29,Gibbonsia elegans,0,0
WINTER,ISTHMUS,2,BENTHIC,0.4,Gibbonsia elegans,0,0
WINTER,ISTHMUS,2,BENTHIC,5.4,Gibbonsia elegans,0,0
WINTER,ISTHMUS,2,BENTHIC,6.1,Gibbonsia elegans,0,0
WINTER,ISTHMUS,2,BENTHIC,12,Gibbonsia elegans,0,0
WINTER,ISTHMUS,2,BENTHIC,14.9,Gibbonsia elegans,0,0
WINTER,ISTHMUS,2,BENTHIC,17.1,Gibbonsia elegans,0,0
WINTER,ISTHMUS,2,BENTHIC,20.6,Gibbonsia elegans,0,0
WINTER,ISTHMUS,2,BENTHIC,22.6,Gibbonsia elegans,0,0
WINTER,ISTHMUS,2,BENTHIC,25.6,Gibbonsia elegans,0,0
WINTER,ISTHMUS,2,BENTHIC,29.2,Gibbonsia elegans,0,0
WINTER,ISTHMUS,3,BENTHIC,3,Gibbonsia elegans,0,0
WINTER,ISTHMUS,3,BENTHIC,5.8,Gibbonsia elegans,0,0
WINTER,ISTHMUS,3,BENTHIC,7.8,Gibbonsia elegans,0,0
WINTER,ISTHMUS,3,BENTHIC,10,Gibbonsia elegans,0,0
WINTER,ISTHMUS,3,BENTHIC,13.5,Gibbonsia elegans,0,0
WINTER,ISTHMUS,3,BENTHIC,17.1,Gibbonsia elegans,0,0
WINTER,ISTHMUS,3,BENTHIC,20.2,Gibbonsia elegans,0,0
WINTER,ISTHMUS,3,BENTHIC,22.1,Gibbonsia elegans,0,0
WINTER,ISTHMUS,3,BENTHIC,25.8,Gibbonsia elegans,0,0
WINTER,ISTHMUS,3,BENTHIC,28.2,Gibbonsia elegans,0,0
WINTER,ISTHMUS,4,BENTHIC,1.6,Gibbonsia elegans,0,0
WINTER,ISTHMUS,4,BENTHIC,3.3,Gibbonsia elegans,0,0
WINTER,ISTHMUS,4,BENTHIC,8.9,Gibbonsia elegans,0,0
WINTER,ISTHMUS,4,BENTHIC,9.3,Gibbonsia elegans,0,0
WINTER,ISTHMUS,4,BENTHIC,13,Gibbonsia elegans,0,0
WINTER,ISTHMUS,4,BENTHIC,16.4,Gibbonsia elegans,0,0
WINTER,ISTHMUS,4,BENTHIC,19.6,Gibbonsia elegans,0,0
WINTER,ISTHMUS,4,BENTHIC,21.7,Gibbonsia elegans,0,0
WINTER,ISTHMUS,4,BENTHIC,25.1,Gibbonsia elegans,0,0
WINTER,ISTHMUS,4,BENTHIC,28.5,Gibbonsia elegans,0,0
WINTER,PARADISE,1,BENTHIC,0,Gibbonsia elegans,0,0
WINTER,PARADISE,1,BENTHIC,4.5,Gibbonsia elegans,0,0
WINTER,PARADISE,1,BENTHIC,8.4,Gibbonsia elegans,0,0
WINTER,PARADISE,1,BENTHIC,9,Gibbonsia elegans,0,0
WINTER,PARADISE,1,BENTHIC,12.4,Gibbonsia elegans,0,0
WINTER,PARADISE,1,BENTHIC,17.3,Gibbonsia elegans,0,0
WINTER,PARADISE,1,BENTHIC,20,Gibbonsia elegans,0,0
WINTER,PARADISE,1,BENTHIC,22.8,Gibbonsia elegans,0,0
WINTER,PARADISE,1,BENTHIC,24.3,Gibbonsia elegans,0,0
WINTER,PARADISE,1,BENTHIC,29,Gibbonsia elegans,0,0
WINTER,PARADISE,2,BENTHIC,1,Gibbonsia elegans,0,0
WINTER,PARADISE,2,BENTHIC,4.2,Gibbonsia elegans,0,0
WINTER,PARADISE,2,BENTHIC,6.5,Gibbonsia elegans,0,0
WINTER,PARADISE,2,BENTHIC,9.2,Gibbonsia elegans,0,0
WINTER,PARADISE,2,BENTHIC,14.7,Gibbonsia elegans,0,0
WINTER,PARADISE,2,BENTHIC,15.7,Gibbonsia elegans,0,0
WINTER,PARADISE,2,BENTHIC,19.1,Gibbonsia elegans,0,0
WINTER,PARADISE,2,BENTHIC,21.3,Gibbonsia elegans,0,0
WINTER,PARADISE,2,BENTHIC,24.5,Gibbonsia elegans,0,0
WINTER,PARADISE,2,BENTHIC,29.2,Gibbonsia elegans,0,0
WINTER,PARADISE,3,BENTHIC,0.2,Gibbonsia elegans,0,0
WINTER,PARADISE,3,BENTHIC,5.1,Gibbonsia elegans,0,0
WINTER,PARADISE,3,BENTHIC,8.6,Gibbonsia elegans,0,0
WINTER,PARADISE,3,BENTHIC,9.5,Gibbonsia elegans,0,0
WINTER,PARADISE,3,BENTHIC,12.6,Gibbonsia elegans,0,0
WINTER,PARADISE,3,BENTHIC,15,Gibbonsia elegans,0,0
WINTER,PARADISE,3,BENTHIC,20,Gibbonsia elegans,0,0
WINTER,PARADISE,3,BENTHIC,22.3,Gibbonsia elegans,0,0
WINTER,PARADISE,3,BENTHIC,26,Gibbonsia elegans,0,0
WINTER,PARADISE,3,BENTHIC,29.9,Gibbonsia elegans,0,0
WINTER,PARADISE,4,BENTHIC,1.2,Gibbonsia elegans,0,0
WINTER,PARADISE,4,BENTHIC,5.7,Gibbonsia elegans,0,0
WINTER,PARADISE,4,BENTHIC,6.2,Gibbonsia elegans,0,0
WINTER,PARADISE,4,BENTHIC,9.1,Gibbonsia elegans,0,0
WINTER,PARADISE,4,BENTHIC,13.4,Gibbonsia elegans,0,0
WINTER,PARADISE,4,BENTHIC,15.6,Gibbonsia elegans,0,0
WINTER,PARADISE,4,BENTHIC,21,Gibbonsia elegans,0,0
WINTER,PARADISE,4,BENTHIC,23.8,Gibbonsia elegans,0,0
WINTER,PARADISE,4,BENTHIC,25.6,Gibbonsia elegans,0,0
WINTER,PARADISE,4,BENTHIC,27.8,Gibbonsia elegans,0,0
WINTER,EMPIRE,1,BENTHIC,2,Gibbonsia elegans,0,0
WINTER,EMPIRE,1,BENTHIC,5.3,Gibbonsia elegans,0,0
WINTER,EMPIRE,1,BENTHIC,6.3,Gibbonsia elegans,0,0
WINTER,EMPIRE,1,BENTHIC,10.9,Gibbonsia elegans,0,0
WINTER,EMPIRE,1,BENTHIC,13.2,Gibbonsia elegans,0,0
WINTER,EMPIRE,1,BENTHIC,15.1,Gibbonsia elegans,0,0
WINTER,EMPIRE,1,BENTHIC,20.7,Gibbonsia elegans,0,0
WINTER,EMPIRE,1,BENTHIC,23.7,Gibbonsia elegans,0,0
WINTER,EMPIRE,1,BENTHIC,24.8,Gibbonsia elegans,0,0
WINTER,EMPIRE,1,BENTHIC,29.4,Gibbonsia elegans,0,0
WINTER,EMPIRE,2,BENTHIC,0.7,Gibbonsia elegans,0,0
WINTER,EMPIRE,2,BENTHIC,4.8,Gibbonsia elegans,0,0
WINTER,EMPIRE,2,BENTHIC,6.5,Gibbonsia elegans,0,0
WINTER,EMPIRE,2,BENTHIC,11.5,Gibbonsia elegans,0,0
WINTER,EMPIRE,2,BENTHIC,12.8,Gibbonsia elegans,0,0
WINTER,EMPIRE,2,BENTHIC,15.5,Gibbonsia elegans,0,0
WINTER,EMPIRE,2,BENTHIC,20.2,Gibbonsia elegans,0,0
WINTER,EMPIRE,2,BENTHIC,21.9,Gibbonsia elegans,0,0
WINTER,EMPIRE,2,BENTHIC,24.9,Gibbonsia elegans,0,0
WINTER,EMPIRE,2,BENTHIC,28.4,Gibbonsia elegans,0,0
WINTER,EMPIRE,3,BENTHIC,2,Gibbonsia elegans,0,0
WINTER,EMPIRE,3,BENTHIC,5.5,Gibbonsia elegans,0,0
WINTER,EMPIRE,3,BENTHIC,6.6,Gibbonsia elegans,0,0
WINTER,EMPIRE,3,BENTHIC,10.2,Gibbonsia elegans,0,0
WINTER,EMPIRE,3,BENTHIC,14.6,Gibbonsia elegans,0,0
WINTER,EMPIRE,3,BENTHIC,17.1,Gibbonsia elegans,0,0
WINTER,EMPIRE,3,BENTHIC,18.6,Gibbonsia elegans,0,0
WINTER,EMPIRE,3,BENTHIC,22.1,Gibbonsia elegans,0,0
WINTER,EMPIRE,3,BENTHIC,24.1,Gibbonsia elegans,0,0
WINTER,EMPIRE,3,BENTHIC,27.6,Gibbonsia elegans,0,0
WINTER,EMPIRE,4,BENTHIC,2.5,Gibbonsia elegans,0,0
WINTER,EMPIRE,4,BENTHIC,5.1,Gibbonsia elegans,0,0
WINTER,EMPIRE,4,BENTHIC,8.7,Gibbonsia elegans,0,0
WINTER,EMPIRE,4,BENTHIC,11.9,Gibbonsia elegans,0,0
WINTER,EMPIRE,4,BENTHIC,12.4,Gibbonsia elegans,0,0
WINTER,EMPIRE,4,BENTHIC,17.3,Gibbonsia elegans,0,0
WINTER,EMPIRE,4,BENTHIC,20.2,Gibbonsia elegans,0,0
WINTER,EMPIRE,4,BENTHIC,21,Gibbonsia elegans,0,0
WINTER,EMPIRE,4,BENTHIC,26.2,Gibbonsia elegans,0,0
WINTER,EMPIRE,4,BENTHIC,29.5,Gibbonsia elegans,0,0
WINTER,ARROW,1,BENTHIC,3,Gibbonsia elegans,0,0
WINTER,ARROW,1,BENTHIC,5.9,Gibbonsia elegans,0,0
WINTER,ARROW,1,BENTHIC,8.9,Gibbonsia elegans,0,0
WINTER,ARROW,1,BENTHIC,9,Gibbonsia elegans,0,0
WINTER,ARROW,1,BENTHIC,12.2,Gibbonsia elegans,0,0
WINTER,ARROW,1,BENTHIC,17.5,Gibbonsia elegans,0,0
WINTER,ARROW,1,BENTHIC,19.1,Gibbonsia elegans,0,0
WINTER,ARROW,1,BENTHIC,22.9,Gibbonsia elegans,0,0
WINTER,ARROW,1,BENTHIC,24.5,Gibbonsia elegans,0,0
WINTER,ARROW,1,BENTHIC,27.4,Gibbonsia elegans,0,0
WINTER,ARROW,2,BENTHIC,1,Gibbonsia elegans,0,0
WINTER,ARROW,2,BENTHIC,3.9,Gibbonsia elegans,0,0
WINTER,ARROW,2,BENTHIC,6.3,Gibbonsia elegans,0,0
WINTER,ARROW,2,BENTHIC,10.8,Gibbonsia elegans,0,0
WINTER,ARROW,2,BENTHIC,14.7,Gibbonsia elegans,0,0
WINTER,ARROW,2,BENTHIC,15.4,Gibbonsia elegans,0,0
WINTER,ARROW,2,BENTHIC,19.5,Gibbonsia elegans,0,0
WINTER,ARROW,2,BENTHIC,23.8,Gibbonsia elegans,0,0
WINTER,ARROW,2,BENTHIC,24.5,Gibbonsia elegans,0,0
WINTER,ARROW,2,BENTHIC,29.7,Gibbonsia elegans,0,0
WINTER,ARROW,3,BENTHIC,1.9,Gibbonsia elegans,0,0
WINTER,ARROW,3,BENTHIC,4.2,Gibbonsia elegans,0,0
WINTER,ARROW,3,BENTHIC,8.3,Gibbonsia elegans,0,0
WINTER,ARROW,3,BENTHIC,10.1,Gibbonsia elegans,0,0
WINTER,ARROW,3,BENTHIC,13.2,Gibbonsia elegans,0,0
WINTER,ARROW,3,BENTHIC,16,Gibbonsia elegans,0,0
WINTER,ARROW,3,BENTHIC,18.3,Gibbonsia elegans,0,0
WINTER,ARROW,3,BENTHIC,22.4,Gibbonsia elegans,0,0
WINTER,ARROW,3,BENTHIC,25.3,Gibbonsia elegans,0,0
WINTER,ARROW,3,BENTHIC,28,Gibbonsia elegans,0,0
WINTER,ARROW,4,BENTHIC,1.4,Gibbonsia elegans,0,0
WINTER,ARROW,4,BENTHIC,5,Gibbonsia elegans,0,0
WINTER,ARROW,4,BENTHIC,8,Gibbonsia elegans,0,0
WINTER,ARROW,4,BENTHIC,9.6,Gibbonsia elegans,0,0
WINTER,ARROW,4,BENTHIC,12.1,Gibbonsia elegans,0,0
WINTER,ARROW,4,BENTHIC,17.8,Gibbonsia elegans,0,0
WINTER,ARROW,4,BENTHIC,20.7,Gibbonsia elegans,0,0
WINTER,ARROW,4,BENTHIC,21.7,Gibbonsia elegans,0,0
WINTER,ARROW,4,BENTHIC,24.9,Gibbonsia elegans,0,0
WINTER,ARROW,4,BENTHIC,28,Gibbonsia elegans,0,0
WINTER,INDIANS,1,BENTHIC,0.9,Gibbonsia elegans,0,0
WINTER,INDIANS,1,BENTHIC,5.9,Gibbonsia elegans,0,0
WINTER,INDIANS,1,BENTHIC,7.6,Gibbonsia elegans,0,0
WINTER,INDIANS,1,BENTHIC,11.4,Gibbonsia elegans,0,0
WINTER,INDIANS,1,BENTHIC,14.3,Gibbonsia elegans,0,0
WINTER,INDIANS,1,BENTHIC,16.8,Gibbonsia elegans,0,0
WINTER,INDIANS,1,BENTHIC,18.7,Gibbonsia elegans,0,0
WINTER,INDIANS,1,BENTHIC,24,Gibbonsia elegans,0,0
WINTER,INDIANS,1,BENTHIC,26.8,Gibbonsia elegans,0,0
WINTER,INDIANS,1,BENTHIC,28.5,Gibbonsia elegans,0,0
WINTER,INDIANS,2,BENTHIC,1,Gibbonsia elegans,0,0
WINTER,INDIANS,2,BENTHIC,3,Gibbonsia elegans,0,0
WINTER,INDIANS,2,BENTHIC,7.6,Gibbonsia elegans,0,0
WINTER,INDIANS,2,BENTHIC,11.3,Gibbonsia elegans,0,0
WINTER,INDIANS,2,BENTHIC,13.6,Gibbonsia elegans,0,0
WINTER,INDIANS,2,BENTHIC,17,Gibbonsia elegans,0,0
WINTER,INDIANS,2,BENTHIC,19.6,Gibbonsia elegans,0,0
WINTER,INDIANS,2,BENTHIC,24,Gibbonsia elegans,0,0
WINTER,INDIANS,2,BENTHIC,26.7,Gibbonsia elegans,0,0
WINTER,INDIANS,2,BENTHIC,28.6,Gibbonsia elegans,0,0
WINTER,INDIANS,3,BENTHIC,1,Gibbonsia elegans,0,0
WINTER,INDIANS,3,BENTHIC,3.9,Gibbonsia elegans,0,0
WINTER,INDIANS,3,BENTHIC,7.7,Gibbonsia elegans,0,0
WINTER,INDIANS,3,BENTHIC,11.5,Gibbonsia elegans,0,0
WINTER,INDIANS,3,BENTHIC,12.1,Gibbonsia elegans,0,0
WINTER,INDIANS,3,BENTHIC,16.9,Gibbonsia elegans,0,0
WINTER,INDIANS,3,BENTHIC,19.9,Gibbonsia elegans,0,0
WINTER,INDIANS,3,BENTHIC,24,Gibbonsia elegans,0,0
WINTER,INDIANS,3,BENTHIC,26.7,Gibbonsia elegans,0,0
WINTER,INDIANS,3,BENTHIC,28.6,Gibbonsia elegans,0,0
WINTER,INDIANS,4,BENTHIC,0.5,Gibbonsia elegans,0,0
WINTER,INDIANS,4,BENTHIC,3.2,Gibbonsia elegans,0,0
WINTER,INDIANS,4,BENTHIC,6.4,Gibbonsia elegans,0,0
WINTER,INDIANS,4,BENTHIC,11.8,Gibbonsia elegans,0,0
WINTER,INDIANS,4,BENTHIC,15,Gibbonsia elegans,0,0
WINTER,INDIANS,4,BENTHIC,17.7,Gibbonsia elegans,0,0
WINTER,INDIANS,4,BENTHIC,19.9,Gibbonsia elegans,0,0
WINTER,INDIANS,4,BENTHIC,21.8,Gibbonsia elegans,0,0
WINTER,INDIANS,4,BENTHIC,24,Gibbonsia elegans,0,0
WINTER,INDIANS,4,BENTHIC,28.7,Gibbonsia elegans,0,0
WINTER,PARSONS,1,BENTHIC,2.9,Gibbonsia elegans,0,0
WINTER,PARSONS,1,BENTHIC,4.3,Gibbonsia elegans,0,0
WINTER,PARSONS,1,BENTHIC,7.2,Gibbonsia elegans,0,0
WINTER,PARSONS,1,BENTHIC,11.1,Gibbonsia elegans,0,0
WINTER,PARSONS,1,BENTHIC,12.9,Gibbonsia elegans,0,0
WINTER,PARSONS,1,BENTHIC,15.7,Gibbonsia elegans,0,0
WINTER,PARSONS,1,BENTHIC,18.5,Gibbonsia elegans,0,0
WINTER,PARSONS,1,BENTHIC,22.3,Gibbonsia elegans,0,0
WINTER,PARSONS,1,BENTHIC,25.1,Gibbonsia elegans,0,0
WINTER,PARSONS,1,BENTHIC,27.2,Gibbonsia elegans,0,0
WINTER,PARSONS,2,BENTHIC,2,Gibbonsia elegans,0,0
WINTER,PARSONS,2,BENTHIC,3.1,Gibbonsia elegans,0,0
WINTER,PARSONS,2,BENTHIC,6.3,Gibbonsia elegans,0,0
WINTER,PARSONS,2,BENTHIC,9.5,Gibbonsia elegans,0,0
WINTER,PARSONS,2,BENTHIC,12.8,Gibbonsia elegans,0,0
WINTER,PARSONS,2,BENTHIC,16.4,Gibbonsia elegans,0,0
WINTER,PARSONS,2,BENTHIC,20,Gibbonsia elegans,0,0
WINTER,PARSONS,2,BENTHIC,22.7,Gibbonsia elegans,0,0
WINTER,PARSONS,2,BENTHIC,25.3,Gibbonsia elegans,0,0
WINTER,PARSONS,2,BENTHIC,27.1,Gibbonsia elegans,0,0
WINTER,PARSONS,3,BENTHIC,2.8,Gibbonsia elegans,0,0
WINTER,PARSONS,3,BENTHIC,4.4,Gibbonsia elegans,0,0
WINTER,PARSONS,3,BENTHIC,6.1,Gibbonsia elegans,0,0
WINTER,PARSONS,3,BENTHIC,11.4,Gibbonsia elegans,0,0
WINTER,PARSONS,3,BENTHIC,13.2,Gibbonsia elegans,0,0
WINTER,PARSONS,3,BENTHIC,15.1,Gibbonsia elegans,0,0
WINTER,PARSONS,3,BENTHIC,20.5,Gibbonsia elegans,0,0
WINTER,PARSONS,3,BENTHIC,21,Gibbonsia elegans,0,0
WINTER,PARSONS,3,BENTHIC,24.1,Gibbonsia elegans,0,0
WINTER,PARSONS,3,BENTHIC,27.3,Gibbonsia elegans,0,0
WINTER,PARSONS,4,BENTHIC,2,Gibbonsia elegans,0,0
WINTER,PARSONS,4,BENTHIC,3.1,Gibbonsia elegans,0,0
WINTER,PARSONS,4,BENTHIC,8.9,Gibbonsia elegans,0,0
WINTER,PARSONS,4,BENTHIC,9.5,Gibbonsia elegans,0,0
WINTER,PARSONS,4,BENTHIC,14,Gibbonsia elegans,0,0
WINTER,PARSONS,4,BENTHIC,16.1,Gibbonsia elegans,0,0
WINTER,PARSONS,4,BENTHIC,19.1,Gibbonsia elegans,0,0
WINTER,PARSONS,4,BENTHIC,21.6,Gibbonsia elegans,0,0
WINTER,PARSONS,4,BENTHIC,25.5,Gibbonsia elegans,0,0
WINTER,PARSONS,4,BENTHIC,29.7,Gibbonsia elegans,0,0
SPRING,INDIANS,1,BENTHIC,2.4,Gibbonsia elegans,0,0
SPRING,INDIANS,1,BENTHIC,3.2,Gibbonsia elegans,0,0
SPRING,INDIANS,1,BENTHIC,7.3,Gibbonsia elegans,0,0
SPRING,INDIANS,1,BENTHIC,9.6,Gibbonsia elegans,0,0
SPRING,INDIANS,1,BENTHIC,14.8,Gibbonsia elegans,0,0
SPRING,INDIANS,1,BENTHIC,16.1,Gibbonsia elegans,0,0
SPRING,INDIANS,1,BENTHIC,18.3,Gibbonsia elegans,0,0
SPRING,INDIANS,1,BENTHIC,23.1,Gibbonsia elegans,0,0
SPRING,INDIANS,1,BENTHIC,25.7,Gibbonsia elegans,0,0
SPRING,INDIANS,1,BENTHIC,29.9,Gibbonsia elegans,0,0
SPRING,INDIANS,2,BENTHIC,1.9,Gibbonsia elegans,0,0
SPRING,INDIANS,2,BENTHIC,5.5,Gibbonsia elegans,0,0
SPRING,INDIANS,2,BENTHIC,7.1,Gibbonsia elegans,0,0
SPRING,INDIANS,2,BENTHIC,9.5,Gibbonsia elegans,0,0
SPRING,INDIANS,2,BENTHIC,14.6,Gibbonsia elegans,0,0
SPRING,INDIANS,2,BENTHIC,17.9,Gibbonsia elegans,0,0
SPRING,INDIANS,2,BENTHIC,18.2,Gibbonsia elegans,0,0
SPRING,INDIANS,2,BENTHIC,23.8,Gibbonsia elegans,0,0
SPRING,INDIANS,2,BENTHIC,26,Gibbonsia elegans,0,0
SPRING,INDIANS,2,BENTHIC,27.7,Gibbonsia elegans,0,0
SPRING,INDIANS,3,BENTHIC,1.7,Gibbonsia elegans,0,0
SPRING,INDIANS,3,BENTHIC,5.5,Gibbonsia elegans,0,0
SPRING,INDIANS,3,BENTHIC,8.4,Gibbonsia elegans,0,0
SPRING,INDIANS,3,BENTHIC,11.9,Gibbonsia elegans,0,0
SPRING,INDIANS,3,BENTHIC,12.3,Gibbonsia elegans,0,0
SPRING,INDIANS,3,BENTHIC,16.7,Gibbonsia elegans,0,0
SPRING,INDIANS,3,BENTHIC,18,Gibbonsia elegans,0,0
SPRING,INDIANS,3,BENTHIC,21.6,Gibbonsia elegans,0,0
SPRING,INDIANS,3,BENTHIC,25.4,Gibbonsia elegans,0,0
SPRING,INDIANS,3,BENTHIC,29.7,Gibbonsia elegans,0,0
SPRING,INDIANS,4,BENTHIC,0.9,Gibbonsia elegans,0,0
SPRING,INDIANS,4,BENTHIC,5.6,Gibbonsia elegans,0,0
SPRING,INDIANS,4,BENTHIC,8,Gibbonsia elegans,0,0
SPRING,INDIANS,4,BENTHIC,10.3,Gibbonsia elegans,0,0
SPRING,INDIANS,4,BENTHIC,13,Gibbonsia elegans,0,0
SPRING,INDIANS,4,BENTHIC,15,Gibbonsia elegans,0,0
SPRING,INDIANS,4,BENTHIC,18.5,Gibbonsia elegans,0,0
SPRING,INDIANS,4,BENTHIC,22.4,Gibbonsia elegans,0,0
SPRING,INDIANS,4,BENTHIC,26.7,Gibbonsia elegans,0,0
SPRING,INDIANS,4,BENTHIC,27.9,Gibbonsia elegans,0,0
SPRING,ISTHMUS,1,BENTHIC,2.1,Gibbonsia elegans,0,0
SPRING,ISTHMUS,1,BENTHIC,4.2,Gibbonsia elegans,0,0
SPRING,ISTHMUS,1,BENTHIC,8.3,Gibbonsia elegans,0,0
SPRING,ISTHMUS,1,BENTHIC,11.9,Gibbonsia elegans,0,0
SPRING,ISTHMUS,1,BENTHIC,14.2,Gibbonsia elegans,0,0
SPRING,ISTHMUS,1,BENTHIC,15.4,Gibbonsia elegans,0,0
SPRING,ISTHMUS,1,BENTHIC,18.8,Gibbonsia elegans,0,0
SPRING,ISTHMUS,1,BENTHIC,22.7,Gibbonsia elegans,0,0
SPRING,ISTHMUS,1,BENTHIC,25.4,Gibbonsia elegans,0,0
SPRING,ISTHMUS,1,BENTHIC,29,Gibbonsia elegans,0,0
SPRING,ISTHMUS,2,BENTHIC,1,Gibbonsia elegans,0,0
SPRING,ISTHMUS,2,BENTHIC,4.2,Gibbonsia elegans,0,0
SPRING,ISTHMUS,2,BENTHIC,7.5,Gibbonsia elegans,0,0
SPRING,ISTHMUS,2,BENTHIC,11.3,Gibbonsia elegans,0,0
SPRING,ISTHMUS,2,BENTHIC,13.3,Gibbonsia elegans,0,0
SPRING,ISTHMUS,2,BENTHIC,16.6,Gibbonsia elegans,0,0
SPRING,ISTHMUS,2,BENTHIC,21,Gibbonsia elegans,0,0
SPRING,ISTHMUS,2,BENTHIC,22.4,Gibbonsia elegans,0,0
SPRING,ISTHMUS,2,BENTHIC,26.3,Gibbonsia elegans,0,0
SPRING,ISTHMUS,2,BENTHIC,27.1,Gibbonsia elegans,0,0
SPRING,ISTHMUS,3,BENTHIC,0.4,Gibbonsia elegans,0,0
SPRING,ISTHMUS,3,BENTHIC,4.4,Gibbonsia elegans,0,0
SPRING,ISTHMUS,3,BENTHIC,8,Gibbonsia elegans,0,0
SPRING,ISTHMUS,3,BENTHIC,10.9,Gibbonsia elegans,0,0
SPRING,ISTHMUS,3,BENTHIC,12.3,Gibbonsia elegans,0,0
SPRING,ISTHMUS,3,BENTHIC,15.6,Gibbonsia elegans,0,0
SPRING,ISTHMUS,3,BENTHIC,15.6,Gibbonsia elegans,0,0
SPRING,ISTHMUS,3,BENTHIC,18,Gibbonsia elegans,0,0
SPRING,ISTHMUS,3,BENTHIC,23.4,Gibbonsia elegans,0,0
SPRING,ISTHMUS,3,BENTHIC,26.3,Gibbonsia elegans,0,0
SPRING,ISTHMUS,4,BENTHIC,29.5,Gibbonsia elegans,0,0
SPRING,ISTHMUS,4,BENTHIC,1.2,Gibbonsia elegans,0,0
SPRING,ISTHMUS,4,BENTHIC,5.3,Gibbonsia elegans,0,0
SPRING,ISTHMUS,4,BENTHIC,7.8,Gibbonsia elegans,0,0
SPRING,ISTHMUS,4,BENTHIC,10,Gibbonsia elegans,0,0
SPRING,ISTHMUS,4,BENTHIC,14.5,Gibbonsia elegans,0,0
SPRING,ISTHMUS,4,BENTHIC,15.7,Gibbonsia elegans,0,0
SPRING,ISTHMUS,4,BENTHIC,19.1,Gibbonsia elegans,0,0
SPRING,ISTHMUS,4,BENTHIC,21.9,Gibbonsia elegans,0,0
SPRING,ISTHMUS,4,BENTHIC,24.1,Gibbonsia elegans,0,0
SPRING,PARADISE,1,BENTHIC,2,Gibbonsia elegans,0,0
SPRING,PARADISE,1,BENTHIC,5.4,Gibbonsia elegans,0,0
SPRING,PARADISE,1,BENTHIC,7.4,Gibbonsia elegans,0,0
SPRING,PARADISE,1,BENTHIC,9.3,Gibbonsia elegans,0,0
SPRING,PARADISE,1,BENTHIC,13.4,Gibbonsia elegans,0,0
SPRING,PARADISE,1,BENTHIC,15.5,Gibbonsia elegans,0,0
SPRING,PARADISE,1,BENTHIC,19,Gibbonsia elegans,0,0
SPRING,PARADISE,1,BENTHIC,23.8,Gibbonsia elegans,0,0
SPRING,PARADISE,1,BENTHIC,25.6,Gibbonsia elegans,0,0
SPRING,PARADISE,1,BENTHIC,28.4,Gibbonsia elegans,0,0
SPRING,PARADISE,2,BENTHIC,0.9,Gibbonsia elegans,0,0
SPRING,PARADISE,2,BENTHIC,5.6,Gibbonsia elegans,0,0
SPRING,PARADISE,2,BENTHIC,6.7,Gibbonsia elegans,0,0
SPRING,PARADISE,2,BENTHIC,10,Gibbonsia elegans,0,0
SPRING,PARADISE,2,BENTHIC,15,Gibbonsia elegans,0,0
SPRING,PARADISE,2,BENTHIC,17.8,Gibbonsia elegans,0,0
SPRING,PARADISE,2,BENTHIC,18.5,Gibbonsia elegans,0,0
SPRING,PARADISE,2,BENTHIC,22.7,Gibbonsia elegans,0,0
SPRING,PARADISE,2,BENTHIC,25,Gibbonsia elegans,0,0
SPRING,PARADISE,2,BENTHIC,28.6,Gibbonsia elegans,0,0
SPRING,PARADISE,3,BENTHIC,2,Gibbonsia elegans,0,0
SPRING,PARADISE,3,BENTHIC,3.4,Gibbonsia elegans,0,0
SPRING,PARADISE,3,BENTHIC,7.9,Gibbonsia elegans,0,0
SPRING,PARADISE,3,BENTHIC,10.1,Gibbonsia elegans,0,0
SPRING,PARADISE,3,BENTHIC,13,Gibbonsia elegans,0,0
SPRING,PARADISE,3,BENTHIC,17.8,Gibbonsia elegans,0,0
SPRING,PARADISE,3,BENTHIC,18.5,Gibbonsia elegans,0,0
SPRING,PARADISE,3,BENTHIC,22.7,Gibbonsia elegans,0,0
SPRING,PARADISE,3,BENTHIC,26.9,Gibbonsia elegans,0,0
SPRING,PARADISE,3,BENTHIC,27.7,Gibbonsia elegans,0,0
SPRING,PARADISE,4,BENTHIC,0.3,Gibbonsia elegans,0,0
SPRING,PARADISE,4,BENTHIC,4.1,Gibbonsia elegans,0,0
SPRING,PARADISE,4,BENTHIC,6.1,Gibbonsia elegans,0,0
SPRING,PARADISE,4,BENTHIC,9.3,Gibbonsia elegans,0,0
SPRING,PARADISE,4,BENTHIC,13.9,Gibbonsia elegans,0,0
SPRING,PARADISE,4,BENTHIC,18,Gibbonsia elegans,0,0
SPRING,PARADISE,4,BENTHIC,18.2,Gibbonsia elegans,0,0
SPRING,PARADISE,4,BENTHIC,21.2,Gibbonsia elegans,0,0
SPRING,PARADISE,4,BENTHIC,26.2,Gibbonsia elegans,0,0
SPRING,PARADISE,4,BENTHIC,,Gibbonsia elegans,0,0
SPRING,EMPIRE,1,BENTHIC,2.2,Gibbonsia elegans,0,0
SPRING,EMPIRE,1,BENTHIC,5,Gibbonsia elegans,0,0
SPRING,EMPIRE,1,BENTHIC,7.1,Gibbonsia elegans,0,0
SPRING,EMPIRE,1,BENTHIC,12,Gibbonsia elegans,0,0
SPRING,EMPIRE,1,BENTHIC,14.5,Gibbonsia elegans,0,0
SPRING,EMPIRE,1,BENTHIC,17.9,Gibbonsia elegans,0,0
SPRING,EMPIRE,1,BENTHIC,18.5,Gibbonsia elegans,0,0
SPRING,EMPIRE,1,BENTHIC,22.7,Gibbonsia elegans,0,0
SPRING,EMPIRE,1,BENTHIC,27,Gibbonsia elegans,0,0
SPRING,EMPIRE,1,BENTHIC,27.8,Gibbonsia elegans,0,0
SPRING,EMPIRE,2,BENTHIC,0.9,Gibbonsia elegans,0,0
SPRING,EMPIRE,2,BENTHIC,3.1,Gibbonsia elegans,0,0
SPRING,EMPIRE,2,BENTHIC,6.8,Gibbonsia elegans,0,0
SPRING,EMPIRE,2,BENTHIC,9.1,Gibbonsia elegans,0,0
SPRING,EMPIRE,2,BENTHIC,12.7,Gibbonsia elegans,0,0
SPRING,EMPIRE,2,BENTHIC,16.6,Gibbonsia elegans,0,0
SPRING,EMPIRE,2,BENTHIC,20,Gibbonsia elegans,0,0
SPRING,EMPIRE,2,BENTHIC,22.9,Gibbonsia elegans,0,0
SPRING,EMPIRE,2,BENTHIC,24.1,Gibbonsia elegans,0,0
SPRING,EMPIRE,2,BENTHIC,27.1,Gibbonsia elegans,0,0
SPRING,EMPIRE,3,BENTHIC,0.1,Gibbonsia elegans,0,0
SPRING,EMPIRE,3,BENTHIC,4.5,Gibbonsia elegans,0,0
SPRING,EMPIRE,3,BENTHIC,8,Gibbonsia elegans,0,0
SPRING,EMPIRE,3,BENTHIC,9.8,Gibbonsia elegans,0,0
SPRING,EMPIRE,3,BENTHIC,12.5,Gibbonsia elegans,0,0
SPRING,EMPIRE,3,BENTHIC,17.1,Gibbonsia elegans,0,0
SPRING,EMPIRE,3,BENTHIC,20.9,Gibbonsia elegans,0,0
SPRING,EMPIRE,3,BENTHIC,23.8,Gibbonsia elegans,0,0
SPRING,EMPIRE,3,BENTHIC,26.6,Gibbonsia elegans,0,0
SPRING,EMPIRE,3,BENTHIC,27.2,Gibbonsia elegans,0,0
SPRING,EMPIRE,4,BENTHIC,2,Gibbonsia elegans,0,0
SPRING,EMPIRE,4,BENTHIC,5,Gibbonsia elegans,0,0
SPRING,EMPIRE,4,BENTHIC,6.3,Gibbonsia elegans,0,0
SPRING,EMPIRE,4,BENTHIC,9.8,Gibbonsia elegans,0,0
SPRING,EMPIRE,4,BENTHIC,14.1,Gibbonsia elegans,0,0
SPRING,EMPIRE,4,BENTHIC,6.6,Gibbonsia elegans,0,0
SPRING,EMPIRE,4,BENTHIC,20.9,Gibbonsia elegans,0,0
SPRING,EMPIRE,4,BENTHIC,23.1,Gibbonsia elegans,0,0
SPRING,EMPIRE,4,BENTHIC,24.8,Gibbonsia elegans,0,0
SPRING,EMPIRE,4,BENTHIC,27.6,Gibbonsia elegans,0,0
SPRING,BEYOND,1,BENTHIC,1.5,Gibbonsia elegans,0,0
SPRING,BEYOND,1,BENTHIC,4.5,Gibbonsia elegans,0,0
SPRING,BEYOND,1,BENTHIC,6.4,Gibbonsia elegans,0,0
SPRING,BEYOND,1,BENTHIC,11.2,Gibbonsia elegans,0,0
SPRING,BEYOND,1,BENTHIC,13.9,Gibbonsia elegans,0,0
SPRING,BEYOND,1,BENTHIC,17.4,Gibbonsia elegans,0,0
SPRING,BEYOND,1,BENTHIC,18,Gibbonsia elegans,0,0
SPRING,BEYOND,1,BENTHIC,21.3,Gibbonsia elegans,0,0
SPRING,BEYOND,1,BENTHIC,24.9,Gibbonsia elegans,0,0
SPRING,BEYOND,1,BENTHIC,27.3,Gibbonsia elegans,0,0
SPRING,BEYOND,2,BENTHIC,2.7,Gibbonsia elegans,0,0
SPRING,BEYOND,2,BENTHIC,5.3,Gibbonsia elegans,0,0
SPRING,BEYOND,2,BENTHIC,6.6,Gibbonsia elegans,0,0
SPRING,BEYOND,2,BENTHIC,11.2,Gibbonsia elegans,0,0
SPRING,BEYOND,2,BENTHIC,14,Gibbonsia elegans,0,0
SPRING,BEYOND,2,BENTHIC,17.7,Gibbonsia elegans,0,0
SPRING,BEYOND,2,BENTHIC,18.7,Gibbonsia elegans,0,0
SPRING,BEYOND,2,BENTHIC,22.1,Gibbonsia elegans,0,0
SPRING,BEYOND,2,BENTHIC,26.9,Gibbonsia elegans,0,0
SPRING,BEYOND,2,BENTHIC,27.9,Gibbonsia elegans,0,0
SPRING,BEYOND,3,BENTHIC,0.4,Gibbonsia elegans,0,0
SPRING,BEYOND,3,BENTHIC,5.6,Gibbonsia elegans,0,0
SPRING,BEYOND,3,BENTHIC,8.7,Gibbonsia elegans,0,0
SPRING,BEYOND,3,BENTHIC,10.8,Gibbonsia elegans,0,0
SPRING,BEYOND,3,BENTHIC,14.3,Gibbonsia elegans,0,0
SPRING,BEYOND,3,BENTHIC,15.2,Gibbonsia elegans,1,0
SPRING,BEYOND,3,BENTHIC,20.8,Gibbonsia elegans,0,0
SPRING,BEYOND,3,BENTHIC,21.6,Gibbonsia elegans,0,0
SPRING,BEYOND,3,BENTHIC,26.3,Gibbonsia elegans,0,0
SPRING,BEYOND,3,BENTHIC,27.8,Gibbonsia elegans,0,0
SPRING,BEYOND,4,BENTHIC,0.7,Gibbonsia elegans,0,0
SPRING,BEYOND,4,BENTHIC,5.9,Gibbonsia elegans,0,0
SPRING,BEYOND,4,BENTHIC,8.7,Gibbonsia elegans,0,0
SPRING,BEYOND,4,BENTHIC,10.6,Gibbonsia elegans,0,0
SPRING,BEYOND,4,BENTHIC,13,Gibbonsia elegans,0,0
SPRING,BEYOND,4,BENTHIC,17,Gibbonsia elegans,0,0
SPRING,BEYOND,4,BENTHIC,19.7,Gibbonsia elegans,0,0
SPRING,BEYOND,4,BENTHIC,21.2,Gibbonsia elegans,0,0
SPRING,BEYOND,4,BENTHIC,26.4,Gibbonsia elegans,0,0
SPRING,BEYOND,4,BENTHIC,29.4,Gibbonsia elegans,0,0
SPRING,PARSONS,1,BENTHIC,2,Gibbonsia elegans,0,0
SPRING,PARSONS,1,BENTHIC,3.5,Gibbonsia elegans,0,0
SPRING,PARSONS,1,BENTHIC,8.4,Gibbonsia elegans,0,0
SPRING,PARSONS,1,BENTHIC,10.9,Gibbonsia elegans,0,0
SPRING,PARSONS,1,BENTHIC,13.1,Gibbonsia elegans,0,0
SPRING,PARSONS,1,BENTHIC,17.4,Gibbonsia elegans,0,0
SPRING,PARSONS,1,BENTHIC,18.5,Gibbonsia elegans,0,0
SPRING,PARSONS,1,BENTHIC,24,Gibbonsia elegans,0,0
SPRING,PARSONS,1,BENTHIC,26.9,Gibbonsia elegans,0,0
SPRING,PARSONS,1,BENTHIC,27.6,Gibbonsia elegans,0,0
SPRING,PARSONS,2,BENTHIC,1.3,Gibbonsia elegans,0,0
SPRING,PARSONS,2,BENTHIC,3.5,Gibbonsia elegans,0,0
SPRING,PARSONS,2,BENTHIC,7.7,Gibbonsia elegans,0,0
SPRING,PARSONS,2,BENTHIC,9.7,Gibbonsia elegans,0,0
SPRING,PARSONS,2,BENTHIC,12,Gibbonsia elegans,0,0
SPRING,PARSONS,2,BENTHIC,17.1,Gibbonsia elegans,0,0
SPRING,PARSONS,2,BENTHIC,20.7,Gibbonsia elegans,0,0
SPRING,PARSONS,2,BENTHIC,21.2,Gibbonsia elegans,0,0
SPRING,PARSONS,2,BENTHIC,24.9,Gibbonsia elegans,0,0
SPRING,PARSONS,2,BENTHIC,29.5,Gibbonsia elegans,0,0
SPRING,PARSONS,3,BENTHIC,0.2,Gibbonsia elegans,0,0
SPRING,PARSONS,3,BENTHIC,4.8,Gibbonsia elegans,0,0
SPRING,PARSONS,3,BENTHIC,7.5,Gibbonsia elegans,0,0
SPRING,PARSONS,3,BENTHIC,10.4,Gibbonsia elegans,0,0
SPRING,PARSONS,3,BENTHIC,12.9,Gibbonsia elegans,0,0
SPRING,PARSONS,3,BENTHIC,15.7,Gibbonsia elegans,0,0
SPRING,PARSONS,3,BENTHIC,19.4,Gibbonsia elegans,0,0
SPRING,PARSONS,3,BENTHIC,21.5,Gibbonsia elegans,0,0
SPRING,PARSONS,3,BENTHIC,26.2,Gibbonsia elegans,0,0
SPRING,PARSONS,3,BENTHIC,27.8,Gibbonsia elegans,0,0
SPRING,PARSONS,4,BENTHIC,0.8,Gibbonsia elegans,0,0
SPRING,PARSONS,4,BENTHIC,4.2,Gibbonsia elegans,0,0
SPRING,PARSONS,4,BENTHIC,6.8,Gibbonsia elegans,0,0
SPRING,PARSONS,4,BENTHIC,10.1,Gibbonsia elegans,0,0
SPRING,PARSONS,4,BENTHIC,12.6,Gibbonsia elegans,0,0
SPRING,PARSONS,4,BENTHIC,16.7,Gibbonsia elegans,0,0
SPRING,PARSONS,4,BENTHIC,19.4,Gibbonsia elegans,0,0
SPRING,PARSONS,4,BENTHIC,23,Gibbonsia elegans,0,0
SPRING,PARSONS,4,BENTHIC,24.1,Gibbonsia elegans,0,0
SPRING,PARSONS,4,BENTHIC,29.8,Gibbonsia elegans,0,0
SPRING,ARROW,1,BENTHIC,0,Gibbonsia elegans,0,0
SPRING,ARROW,1,BENTHIC,3.7,Gibbonsia elegans,0,0
SPRING,ARROW,1,BENTHIC,7.9,Gibbonsia elegans,0,0
SPRING,ARROW,1,BENTHIC,11.6,Gibbonsia elegans,0,0
SPRING,ARROW,1,BENTHIC,12.4,Gibbonsia elegans,0,0
SPRING,ARROW,1,BENTHIC,17.3,Gibbonsia elegans,0,0
SPRING,ARROW,1,BENTHIC,20.3,Gibbonsia elegans,0,0
SPRING,ARROW,1,BENTHIC,25.7,Gibbonsia elegans,0,0
SPRING,ARROW,1,BENTHIC,26.6,Gibbonsia elegans,0,0
SPRING,ARROW,1,BENTHIC,,Gibbonsia elegans,0,0
SPRING,ARROW,2,BENTHIC,1.5,Gibbonsia elegans,0,0
SPRING,ARROW,2,BENTHIC,3.3,Gibbonsia elegans,0,0
SPRING,ARROW,2,BENTHIC,7.2,Gibbonsia elegans,0,0
SPRING,ARROW,2,BENTHIC,12,Gibbonsia elegans,0,0
SPRING,ARROW,2,BENTHIC,14.6,Gibbonsia elegans,0,0
SPRING,ARROW,2,BENTHIC,16.5,Gibbonsia elegans,0,0
SPRING,ARROW,2,BENTHIC,18.7,Gibbonsia elegans,0,0
SPRING,ARROW,2,BENTHIC,22.6,Gibbonsia elegans,0,0
SPRING,ARROW,2,BENTHIC,26.9,Gibbonsia elegans,0,0
SPRING,ARROW,2,BENTHIC,29.5,Gibbonsia elegans,0,0
SPRING,ARROW,3,BENTHIC,0.9,Gibbonsia elegans,0,0
SPRING,ARROW,3,BENTHIC,4.1,Gibbonsia elegans,0,0
SPRING,ARROW,3,BENTHIC,8.6,Gibbonsia elegans,0,0
SPRING,ARROW,3,BENTHIC,9.9,Gibbonsia elegans,0,0
SPRING,ARROW,3,BENTHIC,12.3,Gibbonsia elegans,0,0
SPRING,ARROW,3,BENTHIC,17.5,Gibbonsia elegans,0,0
SPRING,ARROW,3,BENTHIC,19.2,Gibbonsia elegans,0,0
SPRING,ARROW,3,BENTHIC,23.9,Gibbonsia elegans,0,0
SPRING,ARROW,3,BENTHIC,25.2,Gibbonsia elegans,0,0
SPRING,ARROW,3,BENTHIC,27,Gibbonsia elegans,0,0
SPRING,ARROW,4,BENTHIC,1.1,Gibbonsia elegans,0,0
SPRING,ARROW,4,BENTHIC,3.5,Gibbonsia elegans,0,0
SPRING,ARROW,4,BENTHIC,6.4,Gibbonsia elegans,0,0
SPRING,ARROW,4,BENTHIC,11.1,Gibbonsia elegans,0,0
SPRING,ARROW,4,BENTHIC,13.1,Gibbonsia elegans,0,0
SPRING,ARROW,4,BENTHIC,17.9,Gibbonsia elegans,0,0
SPRING,ARROW,4,BENTHIC,20.7,Gibbonsia elegans,0,0
SPRING,ARROW,4,BENTHIC,23.6,Gibbonsia elegans,0,0
SPRING,ARROW,4,BENTHIC,24,Gibbonsia elegans,0,0
SPRING,ARROW,4,BENTHIC,29.6,Gibbonsia elegans,0,0
SUMMER-2,BEYOND,1,BENTHIC,1.5,Gibbonsia elegans,0,0
SUMMER-2,BEYOND,1,BENTHIC,4.5,Gibbonsia elegans,0,0
SUMMER-2,BEYOND,1,BENTHIC,6.4,Gibbonsia elegans,0,0
SUMMER-2,BEYOND,1,BENTHIC,11.2,Gibbonsia elegans,0,0
SUMMER-2,BEYOND,1,BENTHIC,13.9,Gibbonsia elegans,0,0
SUMMER-2,BEYOND,1,BENTHIC,17.4,Gibbonsia elegans,0,0
SUMMER-2,BEYOND,1,BENTHIC,18,Gibbonsia elegans,0,0
SUMMER-2,BEYOND,1,BENTHIC,21.3,Gibbonsia elegans,0,0
SUMMER-2,BEYOND,1,BENTHIC,24.9,Gibbonsia elegans,0,0
SUMMER-2,BEYOND,1,BENTHIC,27.3,Gibbonsia elegans,0,0
SUMMER-2,BEYOND,2,BENTHIC,2.7,Gibbonsia elegans,0,0
SUMMER-2,BEYOND,2,BENTHIC,5.3,Gibbonsia elegans,0,0
SUMMER-2,BEYOND,2,BENTHIC,6.6,Gibbonsia elegans,0,0
SUMMER-2,BEYOND,2,BENTHIC,11.2,Gibbonsia elegans,0,0
SUMMER-2,BEYOND,2,BENTHIC,14,Gibbonsia elegans,0,0
SUMMER-2,BEYOND,2,BENTHIC,17.7,Gibbonsia elegans,0,0
SUMMER-2,BEYOND,2,BENTHIC,18.7,Gibbonsia elegans,0,0
SUMMER-2,BEYOND,2,BENTHIC,22.1,Gibbonsia elegans,0,0
SUMMER-2,BEYOND,2,BENTHIC,26.9,Gibbonsia elegans,0,0
SUMMER-2,BEYOND,2,BENTHIC,27.9,Gibbonsia elegans,0,0
SUMMER-2,BEYOND,3,BENTHIC,0.4,Gibbonsia elegans,0,0
SUMMER-2,BEYOND,3,BENTHIC,5.6,Gibbonsia elegans,0,0
SUMMER-2,BEYOND,3,BENTHIC,8.7,Gibbonsia elegans,0,0
SUMMER-2,BEYOND,3,BENTHIC,10.8,Gibbonsia elegans,0,0
SUMMER-2,BEYOND,3,BENTHIC,14.3,Gibbonsia elegans,0,0
SUMMER-2,BEYOND,3,BENTHIC,15.2,Gibbonsia elegans,0,0
SUMMER-2,BEYOND,3,BENTHIC,20.8,Gibbonsia elegans,0,0
SUMMER-2,BEYOND,3,BENTHIC,21.6,Gibbonsia elegans,0,0
SUMMER-2,BEYOND,3,BENTHIC,26.3,Gibbonsia elegans,0,0
SUMMER-2,BEYOND,3,BENTHIC,27.8,Gibbonsia elegans,0,0
SUMMER-2,BEYOND,4,BENTHIC,0.7,Gibbonsia elegans,0,0
SUMMER-2,BEYOND,4,BENTHIC,5.9,Gibbonsia elegans,0,0
SUMMER-2,BEYOND,4,BENTHIC,8.7,Gibbonsia elegans,0,0
SUMMER-2,BEYOND,4,BENTHIC,10.6,Gibbonsia elegans,0,0
SUMMER-2,BEYOND,4,BENTHIC,13,Gibbonsia elegans,0,0
SUMMER-2,BEYOND,4,BENTHIC,17,Gibbonsia elegans,0,0
SUMMER-2,BEYOND,4,BENTHIC,19.7,Gibbonsia elegans,0,0
SUMMER-2,BEYOND,4,BENTHIC,31.2,Gibbonsia elegans,0,0
SUMMER-2,BEYOND,4,BENTHIC,26.4,Gibbonsia elegans,0,0
SUMMER-2,BEYOND,4,BENTHIC,29.9,Gibbonsia elegans,0,0
SUMMER-2,ARROW,1,BENTHIC,0,Gibbonsia elegans,0,0
SUMMER-2,ARROW,1,BENTHIC,3.7,Gibbonsia elegans,0,0
SUMMER-2,ARROW,1,BENTHIC,7.9,Gibbonsia elegans,0,0
SUMMER-2,ARROW,1,BENTHIC,11.6,Gibbonsia elegans,0,0
SUMMER-2,ARROW,1,BENTHIC,13.4,Gibbonsia elegans,0,0
SUMMER-2,ARROW,1,BENTHIC,17.3,Gibbonsia elegans,0,0
SUMMER-2,ARROW,1,BENTHIC,20.3,Gibbonsia elegans,0,0
SUMMER-2,ARROW,1,BENTHIC,23.7,Gibbonsia elegans,0,0
SUMMER-2,ARROW,1,BENTHIC,26.6,Gibbonsia elegans,0,0
SUMMER-2,ARROW,1,BENTHIC,29.1,Gibbonsia elegans,0,0
SUMMER-2,ARROW,2,BENTHIC,1.5,Gibbonsia elegans,0,0
SUMMER-2,ARROW,2,BENTHIC,3.3,Gibbonsia elegans,0,0
SUMMER-2,ARROW,2,BENTHIC,7.2,Gibbonsia elegans,0,0
SUMMER-2,ARROW,2,BENTHIC,12,Gibbonsia elegans,0,0
SUMMER-2,ARROW,2,BENTHIC,14.6,Gibbonsia elegans,0,0
SUMMER-2,ARROW,2,BENTHIC,16.5,Gibbonsia elegans,0,0
SUMMER-2,ARROW,2,BENTHIC,18.7,Gibbonsia elegans,0,0
SUMMER-2,ARROW,2,BENTHIC,22.6,Gibbonsia elegans,0,0
SUMMER-2,ARROW,2,BENTHIC,26.9,Gibbonsia elegans,0,0
SUMMER-2,ARROW,2,BENTHIC,29.5,Gibbonsia elegans,0,0
SUMMER-2,ARROW,3,BENTHIC,0.9,Gibbonsia elegans,0,0
SUMMER-2,ARROW,3,BENTHIC,4.1,Gibbonsia elegans,0,0
SUMMER-2,ARROW,3,BENTHIC,8.6,Gibbonsia elegans,0,0
SUMMER-2,ARROW,3,BENTHIC,9.9,Gibbonsia elegans,0,0
SUMMER-2,ARROW,3,BENTHIC,12.3,Gibbonsia elegans,0,0
SUMMER-2,ARROW,3,BENTHIC,17.5,Gibbonsia elegans,0,0
SUMMER-2,ARROW,3,BENTHIC,19.2,Gibbonsia elegans,0,0
SUMMER-2,ARROW,3,BENTHIC,23.9,Gibbonsia elegans,0,0
SUMMER-2,ARROW,3,BENTHIC,25.2,Gibbonsia elegans,0,0
SUMMER-2,ARROW,3,BENTHIC,27,Gibbonsia elegans,0,0
SUMMER-2,ARROW,4,BENTHIC,1.1,Gibbonsia elegans,0,0
SUMMER-2,ARROW,4,BENTHIC,3.5,Gibbonsia elegans,0,0
SUMMER-2,ARROW,4,BENTHIC,6.4,Gibbonsia elegans,0,0
SUMMER-2,ARROW,4,BENTHIC,11.1,Gibbonsia elegans,0,0
SUMMER-2,ARROW,4,BENTHIC,13.1,Gibbonsia elegans,0,0
SUMMER-2,ARROW,4,BENTHIC,17.9,Gibbonsia elegans,0,0
SUMMER-2,ARROW,4,BENTHIC,20.7,Gibbonsia elegans,0,0
SUMMER-2,ARROW,4,BENTHIC,23.6,Gibbonsia elegans,0,0
SUMMER-2,ARROW,4,BENTHIC,24,Gibbonsia elegans,0,0
SUMMER-2,ARROW,4,BENTHIC,29.6,Gibbonsia elegans,0,0
SUMMER-2,INDIANS,1,BENTHIC,2.4,Gibbonsia elegans,0,0
SUMMER-2,INDIANS,1,BENTHIC,3.2,Gibbonsia elegans,0,0
SUMMER-2,INDIANS,1,BENTHIC,7.7,Gibbonsia elegans,0,0
SUMMER-2,INDIANS,1,BENTHIC,9.6,Gibbonsia elegans,0,0
SUMMER-2,INDIANS,1,BENTHIC,14.8,Gibbonsia elegans,0,0
SUMMER-2,INDIANS,1,BENTHIC,16.1,Gibbonsia elegans,0,0
SUMMER-2,INDIANS,1,BENTHIC,18.3,Gibbonsia elegans,0,0
SUMMER-2,INDIANS,1,BENTHIC,23.1,Gibbonsia elegans,0,0
SUMMER-2,INDIANS,1,BENTHIC,25.7,Gibbonsia elegans,0,0
SUMMER-2,INDIANS,1,BENTHIC,29.9,Gibbonsia elegans,0,0
SUMMER-2,INDIANS,2,BENTHIC,1.9,Gibbonsia elegans,0,0
SUMMER-2,INDIANS,2,BENTHIC,5.5,Gibbonsia elegans,0,0
SUMMER-2,INDIANS,2,BENTHIC,7.1,Gibbonsia elegans,0,0
SUMMER-2,INDIANS,2,BENTHIC,9.5,Gibbonsia elegans,0,0
SUMMER-2,INDIANS,2,BENTHIC,14.6,Gibbonsia elegans,0,0
SUMMER-2,INDIANS,2,BENTHIC,17.9,Gibbonsia elegans,0,0
SUMMER-2,INDIANS,2,BENTHIC,18.2,Gibbonsia elegans,0,0
SUMMER-2,INDIANS,2,BENTHIC,23.8,Gibbonsia elegans,0,0
SUMMER-2,INDIANS,2,BENTHIC,26,Gibbonsia elegans,0,0
SUMMER-2,INDIANS,2,BENTHIC,27.7,Gibbonsia elegans,0,0
SUMMER-2,INDIANS,3,BENTHIC,1.7,Gibbonsia elegans,0,0
SUMMER-2,INDIANS,3,BENTHIC,5.5,Gibbonsia elegans,0,0
SUMMER-2,INDIANS,3,BENTHIC,8.4,Gibbonsia elegans,0,0
SUMMER-2,INDIANS,3,BENTHIC,11.9,Gibbonsia elegans,0,0
SUMMER-2,INDIANS,3,BENTHIC,12.3,Gibbonsia elegans,0,0
SUMMER-2,INDIANS,3,BENTHIC,16.7,Gibbonsia elegans,0,0
SUMMER-2,INDIANS,3,BENTHIC,18,Gibbonsia elegans,0,0
SUMMER-2,INDIANS,3,BENTHIC,21.6,Gibbonsia elegans,0,0
SUMMER-2,INDIANS,3,BENTHIC,25.4,Gibbonsia elegans,0,0
SUMMER-2,INDIANS,3,BENTHIC,29.7,Gibbonsia elegans,0,0
SUMMER-2,INDIANS,4,BENTHIC,0.9,Gibbonsia elegans,0,0
SUMMER-2,INDIANS,4,BENTHIC,5.6,Gibbonsia elegans,0,0
SUMMER-2,INDIANS,4,BENTHIC,8,Gibbonsia elegans,0,0
SUMMER-2,INDIANS,4,BENTHIC,10.3,Gibbonsia elegans,0,0
SUMMER-2,INDIANS,4,BENTHIC,13,Gibbonsia elegans,0,0
SUMMER-2,INDIANS,4,BENTHIC,15,Gibbonsia elegans,0,0
SUMMER-2,INDIANS,4,BENTHIC,18.5,Gibbonsia elegans,0,0
SUMMER-2,INDIANS,4,BENTHIC,22.4,Gibbonsia elegans,0,0
SUMMER-2,INDIANS,4,BENTHIC,26.7,Gibbonsia elegans,0,0
SUMMER-2,INDIANS,4,BENTHIC,27.9,Gibbonsia elegans,0,0
SUMMER-2,PARSONS,1,BENTHIC,1.2,Gibbonsia elegans,0,0
SUMMER-2,PARSONS,1,BENTHIC,4.7,Gibbonsia elegans,0,0
SUMMER-2,PARSONS,1,BENTHIC,6.9,Gibbonsia elegans,0,0
SUMMER-2,PARSONS,1,BENTHIC,11,Gibbonsia elegans,0,0
SUMMER-2,PARSONS,1,BENTHIC,12.4,Gibbonsia elegans,0,0
SUMMER-2,PARSONS,1,BENTHIC,17.7,Gibbonsia elegans,0,0
SUMMER-2,PARSONS,1,BENTHIC,20.5,Gibbonsia elegans,0,0
SUMMER-2,PARSONS,1,BENTHIC,22.2,Gibbonsia elegans,0,0
SUMMER-2,PARSONS,1,BENTHIC,26.1,Gibbonsia elegans,0,0
SUMMER-2,PARSONS,1,BENTHIC,28.7,Gibbonsia elegans,0,0
SUMMER-2,PARSONS,2,BENTHIC,0.6,Gibbonsia elegans,0,0
SUMMER-2,PARSONS,2,BENTHIC,3.5,Gibbonsia elegans,0,0
SUMMER-2,PARSONS,2,BENTHIC,7.1,Gibbonsia elegans,0,0
SUMMER-2,PARSONS,2,BENTHIC,11.7,Gibbonsia elegans,0,0
SUMMER-2,PARSONS,2,BENTHIC,12.7,Gibbonsia elegans,0,0
SUMMER-2,PARSONS,2,BENTHIC,16.2,Gibbonsia elegans,0,0
SUMMER-2,PARSONS,2,BENTHIC,20.2,Gibbonsia elegans,0,0
SUMMER-2,PARSONS,2,BENTHIC,23.3,Gibbonsia elegans,0,0
SUMMER-2,PARSONS,2,BENTHIC,25.4,Gibbonsia elegans,0,0
SUMMER-2,PARSONS,2,BENTHIC,28,Gibbonsia elegans,0,0
SUMMER-2,PARSONS,3,BENTHIC,2.6,Gibbonsia elegans,0,0
SUMMER-2,PARSONS,3,BENTHIC,4.1,Gibbonsia elegans,0,0
SUMMER-2,PARSONS,3,BENTHIC,8.9,Gibbonsia elegans,0,0
SUMMER-2,PARSONS,3,BENTHIC,10.2,Gibbonsia elegans,0,0
SUMMER-2,PARSONS,3,BENTHIC,14.4,Gibbonsia elegans,0,0
SUMMER-2,PARSONS,3,BENTHIC,17.7,Gibbonsia elegans,0,0
SUMMER-2,PARSONS,3,BENTHIC,20,Gibbonsia elegans,0,0
SUMMER-2,PARSONS,3,BENTHIC,22.8,Gibbonsia elegans,0,0
SUMMER-2,PARSONS,3,BENTHIC,25.3,Gibbonsia elegans,0,0
SUMMER-2,PARSONS,3,BENTHIC,29.7,Gibbonsia elegans,0,0
SUMMER-2,PARSONS,4,BENTHIC,1.8,Gibbonsia elegans,0,0
SUMMER-2,PARSONS,4,BENTHIC,5.3,Gibbonsia elegans,0,0
SUMMER-2,PARSONS,4,BENTHIC,6.9,Gibbonsia elegans,0,0
SUMMER-2,PARSONS,4,BENTHIC,10.9,Gibbonsia elegans,0,0
SUMMER-2,PARSONS,4,BENTHIC,14.6,Gibbonsia elegans,0,0
SUMMER-2,PARSONS,4,BENTHIC,17.1,Gibbonsia elegans,0,0
SUMMER-2,PARSONS,4,BENTHIC,18.3,Gibbonsia elegans,0,0
SUMMER-2,PARSONS,4,BENTHIC,23.8,Gibbonsia elegans,0,0
SUMMER-2,PARSONS,4,BENTHIC,26.6,Gibbonsia elegans,0,0
SUMMER-2,PARSONS,4,BENTHIC,29,Gibbonsia elegans,0,0
SUMMER-2,ISTHMUS,1,BENTHIC,2.1,Gibbonsia elegans,0,0
SUMMER-2,ISTHMUS,1,BENTHIC,4.2,Gibbonsia elegans,0,0
SUMMER-2,ISTHMUS,1,BENTHIC,8.3,Gibbonsia elegans,0,0
SUMMER-2,ISTHMUS,1,BENTHIC,11.9,Gibbonsia elegans,0,0
SUMMER-2,ISTHMUS,1,BENTHIC,14.2,Gibbonsia elegans,0,0
SUMMER-2,ISTHMUS,1,BENTHIC,15.4,Gibbonsia elegans,0,0
SUMMER-2,ISTHMUS,1,BENTHIC,18.8,Gibbonsia elegans,0,0
SUMMER-2,ISTHMUS,1,BENTHIC,22.7,Gibbonsia elegans,0,0
SUMMER-2,ISTHMUS,1,BENTHIC,25.4,Gibbonsia elegans,0,0
SUMMER-2,ISTHMUS,1,BENTHIC,29,Gibbonsia elegans,0,0
SUMMER-2,ISTHMUS,2,BENTHIC,1,Gibbonsia elegans,0,0
SUMMER-2,ISTHMUS,2,BENTHIC,4.2,Gibbonsia elegans,0,0
SUMMER-2,ISTHMUS,2,BENTHIC,7.5,Gibbonsia elegans,0,0
SUMMER-2,ISTHMUS,2,BENTHIC,11.3,Gibbonsia elegans,0,0
SUMMER-2,ISTHMUS,2,BENTHIC,13.3,Gibbonsia elegans,0,0
SUMMER-2,ISTHMUS,2,BENTHIC,16.6,Gibbonsia elegans,0,0
SUMMER-2,ISTHMUS,2,BENTHIC,21,Gibbonsia elegans,0,0
SUMMER-2,ISTHMUS,2,BENTHIC,22.4,Gibbonsia elegans,0,0
SUMMER-2,ISTHMUS,2,BENTHIC,26.3,Gibbonsia elegans,0,0
SUMMER-2,ISTHMUS,2,BENTHIC,27.1,Gibbonsia elegans,0,0
SUMMER-2,ISTHMUS,3,BENTHIC,0.4,Gibbonsia elegans,0,0
SUMMER-2,ISTHMUS,3,BENTHIC,4.4,Gibbonsia elegans,0,0
SUMMER-2,ISTHMUS,3,BENTHIC,8,Gibbonsia elegans,0,0
SUMMER-2,ISTHMUS,3,BENTHIC,10.9,Gibbonsia elegans,0,0
SUMMER-2,ISTHMUS,3,BENTHIC,12.3,Gibbonsia elegans,0,0
SUMMER-2,ISTHMUS,3,BENTHIC,15.6,Gibbonsia elegans,0,0
SUMMER-2,ISTHMUS,3,BENTHIC,18,Gibbonsia elegans,0,0
SUMMER-2,ISTHMUS,3,BENTHIC,23.4,Gibbonsia elegans,0,0
SUMMER-2,ISTHMUS,3,BENTHIC,26.3,Gibbonsia elegans,0,0
SUMMER-2,ISTHMUS,3,BENTHIC,29.5,Gibbonsia elegans,0,0
SUMMER-2,ISTHMUS,4,BENTHIC,1.2,Gibbonsia elegans,0,0
SUMMER-2,ISTHMUS,4,BENTHIC,5.3,Gibbonsia elegans,0,0
SUMMER-2,ISTHMUS,4,BENTHIC,7.8,Gibbonsia elegans,0,0
SUMMER-2,ISTHMUS,4,BENTHIC,10,Gibbonsia elegans,0,0
SUMMER-2,ISTHMUS,4,BENTHIC,14.5,Gibbonsia elegans,0,0
SUMMER-2,ISTHMUS,4,BENTHIC,15.7,Gibbonsia elegans,0,0
SUMMER-2,ISTHMUS,4,BENTHIC,19.1,Gibbonsia elegans,0,0
SUMMER-2,ISTHMUS,4,BENTHIC,21.9,Gibbonsia elegans,0,0
SUMMER-2,ISTHMUS,4,BENTHIC,24.1,Gibbonsia elegans,0,0
SUMMER-2,ISTHMUS,4,BENTHIC,29.6,Gibbonsia elegans,0,0
SUMMER-2,EMPIRE,1,BENTHIC,2.2,Gibbonsia elegans,0,0
SUMMER-2,EMPIRE,1,BENTHIC,5,Gibbonsia elegans,0,0
SUMMER-2,EMPIRE,1,BENTHIC,7.1,Gibbonsia elegans,0,0
SUMMER-2,EMPIRE,1,BENTHIC,12,Gibbonsia elegans,0,0
SUMMER-2,EMPIRE,1,BENTHIC,14.5,Gibbonsia elegans,0,0
SUMMER-2,EMPIRE,1,BENTHIC,17.9,Gibbonsia elegans,0,0
SUMMER-2,EMPIRE,1,BENTHIC,18.5,Gibbonsia elegans,0,0
SUMMER-2,EMPIRE,1,BENTHIC,22.7,Gibbonsia elegans,0,0
SUMMER-2,EMPIRE,1,BENTHIC,27,Gibbonsia elegans,0,0
SUMMER-2,EMPIRE,1,BENTHIC,27.8,Gibbonsia elegans,0,0
SUMMER-2,EMPIRE,2,BENTHIC,0.9,Gibbonsia elegans,0,0
SUMMER-2,EMPIRE,2,BENTHIC,3.1,Gibbonsia elegans,0,0
SUMMER-2,EMPIRE,2,BENTHIC,6.8,Gibbonsia elegans,0,0
SUMMER-2,EMPIRE,2,BENTHIC,9.1,Gibbonsia elegans,0,0
SUMMER-2,EMPIRE,2,BENTHIC,12.7,Gibbonsia elegans,0,0
SUMMER-2,EMPIRE,2,BENTHIC,16.6,Gibbonsia elegans,0,0
SUMMER-2,EMPIRE,2,BENTHIC,20,Gibbonsia elegans,0,0
SUMMER-2,EMPIRE,2,BENTHIC,22.4,Gibbonsia elegans,0,0
SUMMER-2,EMPIRE,2,BENTHIC,24.1,Gibbonsia elegans,0,0
SUMMER-2,EMPIRE,2,BENTHIC,27.1,Gibbonsia elegans,0,0
SUMMER-2,EMPIRE,3,BENTHIC,0.1,Gibbonsia elegans,0,0
SUMMER-2,EMPIRE,3,BENTHIC,4.5,Gibbonsia elegans,0,0
SUMMER-2,EMPIRE,3,BENTHIC,8,Gibbonsia elegans,0,0
SUMMER-2,EMPIRE,3,BENTHIC,9.8,Gibbonsia elegans,0,0
SUMMER-2,EMPIRE,3,BENTHIC,12.5,Gibbonsia elegans,0,0
SUMMER-2,EMPIRE,3,BENTHIC,17.1,Gibbonsia elegans,0,0
SUMMER-2,EMPIRE,3,BENTHIC,20.9,Gibbonsia elegans,0,0
SUMMER-2,EMPIRE,3,BENTHIC,23.8,Gibbonsia elegans,0,0
SUMMER-2,EMPIRE,3,BENTHIC,26.6,Gibbonsia elegans,0,0
SUMMER-2,EMPIRE,3,BENTHIC,27.2,Gibbonsia elegans,0,0
SUMMER-2,EMPIRE,4,BENTHIC,2,Gibbonsia elegans,0,0
SUMMER-2,EMPIRE,4,BENTHIC,5,Gibbonsia elegans,0,0
SUMMER-2,EMPIRE,4,BENTHIC,6.3,Gibbonsia elegans,0,0
SUMMER-2,EMPIRE,4,BENTHIC,9.8,Gibbonsia elegans,0,0
SUMMER-2,EMPIRE,4,BENTHIC,14.1,Gibbonsia elegans,0,0
SUMMER-2,EMPIRE,4,BENTHIC,16.6,Gibbonsia elegans,0,0
SUMMER-2,EMPIRE,4,BENTHIC,20.9,Gibbonsia elegans,0,0
SUMMER-2,EMPIRE,4,BENTHIC,23.1,Gibbonsia elegans,0,0
SUMMER-2,EMPIRE,4,BENTHIC,24.8,Gibbonsia elegans,0,0
SUMMER-2,EMPIRE,4,BENTHIC,27.6,Gibbonsia elegans,0,0
SUMMER-2,PARADISE,1,BENTHIC,2,Gibbonsia elegans,0,0
SUMMER-2,PARADISE,1,BENTHIC,5.4,Gibbonsia elegans,0,0
SUMMER-2,PARADISE,1,BENTHIC,7.4,Gibbonsia elegans,0,0
SUMMER-2,PARADISE,1,BENTHIC,9.3,Gibbonsia elegans,0,0
SUMMER-2,PARADISE,1,BENTHIC,13.4,Gibbonsia elegans,0,0
SUMMER-2,PARADISE,1,BENTHIC,15.5,Gibbonsia elegans,0,0
SUMMER-2,PARADISE,1,BENTHIC,19,Gibbonsia elegans,0,0
SUMMER-2,PARADISE,1,BENTHIC,23.8,Gibbonsia elegans,0,0
SUMMER-2,PARADISE,1,BENTHIC,25.6,Gibbonsia elegans,0,0
SUMMER-2,PARADISE,1,BENTHIC,29.4,Gibbonsia elegans,0,0
SUMMER-2,PARADISE,2,BENTHIC,0.9,Gibbonsia elegans,0,0
SUMMER-2,PARADISE,2,BENTHIC,5.6,Gibbonsia elegans,0,0
SUMMER-2,PARADISE,2,BENTHIC,6.7,Gibbonsia elegans,0,0
SUMMER-2,PARADISE,2,BENTHIC,10,Gibbonsia elegans,0,0
SUMMER-2,PARADISE,2,BENTHIC,15,Gibbonsia elegans,0,0
SUMMER-2,PARADISE,2,BENTHIC,17.8,Gibbonsia elegans,0,0
SUMMER-2,PARADISE,2,BENTHIC,19.2,Gibbonsia elegans,0,0
SUMMER-2,PARADISE,2,BENTHIC,22.5,Gibbonsia elegans,0,0
SUMMER-2,PARADISE,2,BENTHIC,25,Gibbonsia elegans,0,0
SUMMER-2,PARADISE,2,BENTHIC,28.1,Gibbonsia elegans,0,0
SUMMER-2,PARADISE,3,BENTHIC,2,Gibbonsia elegans,0,0
SUMMER-2,PARADISE,3,BENTHIC,3.4,Gibbonsia elegans,0,0
SUMMER-2,PARADISE,3,BENTHIC,7.9,Gibbonsia elegans,0,0
SUMMER-2,PARADISE,3,BENTHIC,10.1,Gibbonsia elegans,0,0
SUMMER-2,PARADISE,3,BENTHIC,13,Gibbonsia elegans,0,0
SUMMER-2,PARADISE,3,BENTHIC,17.8,Gibbonsia elegans,0,0
SUMMER-2,PARADISE,3,BENTHIC,18.5,Gibbonsia elegans,0,0
SUMMER-2,PARADISE,3,BENTHIC,22.7,Gibbonsia elegans,0,0
SUMMER-2,PARADISE,3,BENTHIC,26.9,Gibbonsia elegans,0,0
SUMMER-2,PARADISE,3,BENTHIC,27.7,Gibbonsia elegans,0,0
SUMMER-2,PARADISE,4,BENTHIC,0.3,Gibbonsia elegans,0,0
SUMMER-2,PARADISE,4,BENTHIC,4.1,Gibbonsia elegans,0,0
SUMMER-2,PARADISE,4,BENTHIC,6.1,Gibbonsia elegans,0,0
SUMMER-2,PARADISE,4,BENTHIC,9.3,Gibbonsia elegans,0,0
SUMMER-2,PARADISE,4,BENTHIC,13.9,Gibbonsia elegans,0,0
SUMMER-2,PARADISE,4,BENTHIC,18,Gibbonsia elegans,0,0
SUMMER-2,PARADISE,4,BENTHIC,18.2,Gibbonsia elegans,0,0
SUMMER-2,PARADISE,4,BENTHIC,21.2,Gibbonsia elegans,0,0
SUMMER-2,PARADISE,4,BENTHIC,26.2,Gibbonsia elegans,0,0
SUMMER-2,PARADISE,4,BENTHIC,30,Gibbonsia elegans,0,0