Season,Site,Transect,Strata,QUAD,species,1,2,3,4,5
SUMMER,BEYOND,1,BENTHIC,2.9,Lythrypnus dalli,0,0,0,0,0
SUMMER,BEYOND,1,BENTHIC,4.5,Lythrypnus dalli,0,0,0,0,0
SUMMER,BEYOND,1,BENTHIC,7,Lythrypnus dalli,0,0,0,0,0
SUMMER,BEYOND,1,BENTHIC,11.3,Lythrypnus dalli,0,2,1,0,0
SUMMER,BEYOND,1,BENTHIC,14.6,Lythrypnus dalli,0,1,1,0,0
SUMMER,BEYOND,1,BENTHIC,15.5,Lythrypnus dalli,0,0,0,0,0
SUMMER,BEYOND,1,BENTHIC,18,Lythrypnus dalli,0,1,0,0,0
SUMMER,BEYOND,1,BENTHIC,23.6,Lythrypnus dalli,0,1,0,0,0
SUMMER,BEYOND,1,BENTHIC,25.4,Lythrypnus dalli,0,0,0,0,0
SUMMER,BEYOND,1,BENTHIC,29.2,Lythrypnus dalli,0,2,0,0,0
SUMMER,BEYOND,2,BENTHIC,1.2,Lythrypnus dalli,0,0,0,0,0
SUMMER,BEYOND,2,BENTHIC,3.2,Lythrypnus dalli,0,0,0,0,0
SUMMER,BEYOND,2,BENTHIC,9,Lythrypnus dalli,0,8,2,3,0
SUMMER,BEYOND,2,BENTHIC,9.5,Lythrypnus dalli,0,0,0,0,0
SUMMER,BEYOND,2,BENTHIC,14.2,Lythrypnus dalli,0,2,0,1,1
SUMMER,BEYOND,2,BENTHIC,16.2,Lythrypnus dalli,0,2,1,0,0
SUMMER,BEYOND,2,BENTHIC,20.6,Lythrypnus dalli,0,1,4,0,0
SUMMER,BEYOND,2,BENTHIC,22.5,Lythrypnus dalli,0,0,1,2,0
SUMMER,BEYOND,2,BENTHIC,26.9,Lythrypnus dalli,0,3,1,3,1
SUMMER,BEYOND,2,BENTHIC,28,Lythrypnus dalli,0,8,1,1,0
SUMMER,BEYOND,3,BENTHIC,0,Lythrypnus dalli,0,0,0,0,0
SUMMER,BEYOND,3,BENTHIC,4.6,Lythrypnus dalli,0,0,0,0,0
SUMMER,BEYOND,3,BENTHIC,7.4,Lythrypnus dalli,0,0,1,0,0
SUMMER,BEYOND,3,BENTHIC,9.7,Lythrypnus dalli,0,0,0,0,0
SUMMER,BEYOND,3,BENTHIC,14.7,Lythrypnus dalli,0,0,0,0,0
SUMMER,BEYOND,3,BENTHIC,17.6,Lythrypnus dalli,0,0,0,0,0
SUMMER,BEYOND,3,BENTHIC,18.2,Lythrypnus dalli,0,0,0,0,0
SUMMER,BEYOND,3,BENTHIC,21,Lythrypnus dalli,0,0,0,0,0
SUMMER,BEYOND,3,BENTHIC,24.3,Lythrypnus dalli,0,0,0,0,0
SUMMER,BEYOND,3,BENTHIC,28.7,Lythrypnus dalli,0,0,0,0,0
SUMMER,BEYOND,4,BENTHIC,0.2,Lythrypnus dalli,0,0,0,0,0
SUMMER,BEYOND,4,BENTHIC,3.4,Lythrypnus dalli,0,0,0,0,0
SUMMER,BEYOND,4,BENTHIC,7.2,Lythrypnus dalli,0,0,0,0,0
SUMMER,BEYOND,4,BENTHIC,9.3,Lythrypnus dalli,0,0,0,0,0
SUMMER,BEYOND,4,BENTHIC,13.6,Lythrypnus dalli,0,0,0,0,0
SUMMER,BEYOND,4,BENTHIC,16.9,Lythrypnus dalli,0,0,0,0,0
SUMMER,BEYOND,4,BENTHIC,19.4,Lythrypnus dalli,0,0,0,0,0
SUMMER,BEYOND,4,BENTHIC,23.8,Lythrypnus dalli,0,0,0,0,0
SUMMER,BEYOND,4,BENTHIC,26.6,Lythrypnus dalli,0,0,0,0,0
SUMMER,BEYOND,4,BENTHIC,27.9,Lythrypnus dalli,0,0,0,0,0
SUMMER,PARSONS,1,BENTHIC,0.4,Lythrypnus dalli,0,1,1,1,0
SUMMER,PARSONS,1,BENTHIC,4.2,Lythrypnus dalli,0,3,1,1,0
SUMMER,PARSONS,1,BENTHIC,6.5,Lythrypnus dalli,0,4,0,0,0
SUMMER,PARSONS,1,BENTHIC,11.3,Lythrypnus dalli,0,2,0,2,0
SUMMER,PARSONS,1,BENTHIC,13.9,Lythrypnus dalli,0,0,0,0,0
SUMMER,PARSONS,1,BENTHIC,15.3,Lythrypnus dalli,0,0,0,0,0
SUMMER,PARSONS,1,BENTHIC,19.2,Lythrypnus dalli,0,2,1,0,0
SUMMER,PARSONS,1,BENTHIC,22.3,Lythrypnus dalli,0,0,1,0,1
SUMMER,PARSONS,1,BENTHIC,25.8,Lythrypnus dalli,0,0,1,3,0
SUMMER,PARSONS,1,BENTHIC,27.1,Lythrypnus dalli,0,0,1,1,0
SUMMER,PARSONS,2,BENTHIC,0.3,Lythrypnus dalli,0,0,0,0,0
SUMMER,PARSONS,2,BENTHIC,4.5,Lythrypnus dalli,0,1,0,0,0
SUMMER,PARSONS,2,BENTHIC,7.3,Lythrypnus dalli,0,3,0,3,0
SUMMER,PARSONS,2,BENTHIC,9.7,Lythrypnus dalli,0,0,0,0,0
SUMMER,PARSONS,2,BENTHIC,14.4,Lythrypnus dalli,0,0,2,4,1
SUMMER,PARSONS,2,BENTHIC,17.1,Lythrypnus dalli,0,0,1,0,0
SUMMER,PARSONS,2,BENTHIC,20.6,Lythrypnus dalli,0,0,0,0,0
SUMMER,PARSONS,2,BENTHIC,21.1,Lythrypnus dalli,0,0,1,0,0
SUMMER,PARSONS,2,BENTHIC,24.4,Lythrypnus dalli,0,0,0,0,0
SUMMER,PARSONS,2,BENTHIC,29.1,Lythrypnus dalli,0,1,1,1,0
SUMMER,PARSONS,3,BENTHIC,2.8,Lythrypnus dalli,0,1,1,0,0
SUMMER,PARSONS,3,BENTHIC,5.8,Lythrypnus dalli,0,1,0,0,0
SUMMER,PARSONS,3,BENTHIC,8,Lythrypnus dalli,0,0,0,0,0
SUMMER,PARSONS,3,BENTHIC,10.7,Lythrypnus dalli,0,0,0,1,0
SUMMER,PARSONS,3,BENTHIC,13.7,Lythrypnus dalli,0,0,0,2,0
SUMMER,PARSONS,3,BENTHIC,17.4,Lythrypnus dalli,0,1,1,0,0
SUMMER,PARSONS,3,BENTHIC,18.2,Lythrypnus dalli,0,1,0,0,0
SUMMER,PARSONS,3,BENTHIC,23.7,Lythrypnus dalli,0,1,3,0,0
SUMMER,PARSONS,3,BENTHIC,26.4,Lythrypnus dalli,0,0,0,0,0
SUMMER,PARSONS,3,BENTHIC,28.7,Lythrypnus dalli,0,3,1,0,0
SUMMER,PARSONS,4,BENTHIC,2.8,Lythrypnus dalli,0,0,0,0,0
SUMMER,PARSONS,4,BENTHIC,5.6,Lythrypnus dalli,0,2,4,1,0
SUMMER,PARSONS,4,BENTHIC,6.8,Lythrypnus dalli,1,3,0,1,0
SUMMER,PARSONS,4,BENTHIC,10.9,Lythrypnus dalli,0,1,0,0,0
SUMMER,PARSONS,4,BENTHIC,14.6,Lythrypnus dalli,0,3,0,0,0
SUMMER,PARSONS,4,BENTHIC,16,Lythrypnus dalli,0,1,2,0,0
SUMMER,PARSONS,4,BENTHIC,18.6,Lythrypnus dalli,0,0,0,0,0
SUMMER,PARSONS,4,BENTHIC,22,Lythrypnus dalli,0,0,1,0,0
SUMMER,PARSONS,4,BENTHIC,24.7,Lythrypnus dalli,0,0,0,1,0
SUMMER,PARSONS,4,BENTHIC,29.5,Lythrypnus dalli,0,1,0,0,0
SUMMER,ARROW,1,BENTHIC,0.1,Lythrypnus dalli,0,1,0,1,0
SUMMER,ARROW,1,BENTHIC,5.9,Lythrypnus dalli,0,2,7,5,1
SUMMER,ARROW,1,BENTHIC,7.7,Lythrypnus dalli,0,6,3,0,0
SUMMER,ARROW,1,BENTHIC,11.7,Lythrypnus dalli,0,3,2,0,0
SUMMER,ARROW,1,BENTHIC,13.6,Lythrypnus dalli,0,2,0,0,0
SUMMER,ARROW,1,BENTHIC,17.7,Lythrypnus dalli,1,1,0,0,0
SUMMER,ARROW,1,BENTHIC,20,Lythrypnus dalli,0,4,1,0,0
SUMMER,ARROW,1,BENTHIC,21.4,Lythrypnus dalli,0,5,5,3,1
SUMMER,ARROW,1,BENTHIC,25.1,Lythrypnus dalli,0,6,2,1,0
SUMMER,ARROW,1,BENTHIC,29.9,Lythrypnus dalli,0,2,0,0,0
SUMMER,ARROW,2,BENTHIC,1.2,Lythrypnus dalli,1,3,2,3,0
SUMMER,ARROW,2,BENTHIC,3.3,Lythrypnus dalli,0,3,2,3,0
SUMMER,ARROW,2,BENTHIC,8.8,Lythrypnus dalli,0,4,2,2,0
SUMMER,ARROW,2,BENTHIC,10.7,Lythrypnus dalli,0,5,2,0,0
SUMMER,ARROW,2,BENTHIC,13.2,Lythrypnus dalli,0,0,0,0,0
SUMMER,ARROW,2,BENTHIC,17.8,Lythrypnus dalli,0,5,5,0,0
SUMMER,ARROW,2,BENTHIC,19,Lythrypnus dalli,0,7,1,0,0
SUMMER,ARROW,2,BENTHIC,23,Lythrypnus dalli,0,0,0,0,0
SUMMER,ARROW,2,BENTHIC,24.3,Lythrypnus dalli,1,1,1,0,0
SUMMER,ARROW,2,BENTHIC,27.1,Lythrypnus dalli,0,2,5,3,0
SUMMER,ARROW,3,BENTHIC,1,Lythrypnus dalli,0,8,7,2,0
SUMMER,ARROW,3,BENTHIC,4.2,Lythrypnus dalli,0,0,12,3,6
SUMMER,ARROW,3,BENTHIC,7.6,Lythrypnus dalli,0,5,2,4,0
SUMMER,ARROW,3,BENTHIC,9.3,Lythrypnus dalli,0,0,0,0,0
SUMMER,ARROW,3,BENTHIC,13.9,Lythrypnus dalli,0,1,3,1,0
SUMMER,ARROW,3,BENTHIC,15.5,Lythrypnus dalli,0,1,1,0,0
SUMMER,ARROW,3,BENTHIC,20,Lythrypnus dalli,0,13,6,2,0
SUMMER,ARROW,3,BENTHIC,22.2,Lythrypnus dalli,0,2,4,1,0
SUMMER,ARROW,3,BENTHIC,25.8,Lythrypnus dalli,0,4,5,4,0
SUMMER,ARROW,3,BENTHIC,27.4,Lythrypnus dalli,0,5,1,0,0
SUMMER,ARROW,4,BENTHIC,0.3,Lythrypnus dalli,0,2,0,0,0
SUMMER,ARROW,4,BENTHIC,4.2,Lythrypnus dalli,0,2,0,0,0
SUMMER,ARROW,4,BENTHIC,7.5,Lythrypnus dalli,0,1,0,0,0
SUMMER,ARROW,4,BENTHIC,10.3,Lythrypnus dalli,0,1,0,0,0
SUMMER,ARROW,4,BENTHIC,12.7,Lythrypnus dalli,0,1,2,0,0
SUMMER,ARROW,4,BENTHIC,15.1,Lythrypnus dalli,0,0,0,0,0
SUMMER,ARROW,4,BENTHIC,18.6,Lythrypnus dalli,0,0,4,1,0
SUMMER,ARROW,4,BENTHIC,23.7,Lythrypnus dalli,0,0,0,0,0
SUMMER,ARROW,4,BENTHIC,24.2,Lythrypnus dalli,0,0,0,0,0
SUMMER,ARROW,4,BENTHIC,29.8,Lythrypnus dalli,0,0,0,0,0
SUMMER,INDIANS,1,BENTHIC,2.3,Lythrypnus dalli,0,0,0,0,0
SUMMER,INDIANS,1,BENTHIC,5.5,Lythrypnus dalli,0,0,0,0,0
SUMMER,INDIANS,1,BENTHIC,8.8,Lythrypnus dalli,0,3,0,0,0
SUMMER,INDIANS,1,BENTHIC,9.5,Lythrypnus dalli,0,8,3,3,0
SUMMER,INDIANS,1,BENTHIC,13.4,Lythrypnus dalli,0,1,0,0,0
SUMMER,INDIANS,1,BENTHIC,16.2,Lythrypnus dalli,0,2,17,4,0
SUMMER,INDIANS,1,BENTHIC,18,Lythrypnus dalli,0,10,14,3,0
SUMMER,INDIANS,1,BENTHIC,21,Lythrypnus dalli,0,7,4,2,0
SUMMER,INDIANS,1,BENTHIC,26,Lythrypnus dalli,1,2,3,4,0
SUMMER,INDIANS,1,BENTHIC,28.2,Lythrypnus dalli,0,0,3,1,0
SUMMER,INDIANS,2,BENTHIC,2,Lythrypnus dalli,0,3,3,1,0
SUMMER,INDIANS,2,BENTHIC,4.9,Lythrypnus dalli,0,1,0,0,0
SUMMER,INDIANS,2,BENTHIC,6.5,Lythrypnus dalli,0,2,0,0,0
SUMMER,INDIANS,2,BENTHIC,11.8,Lythrypnus dalli,0,5,6,3,0
SUMMER,INDIANS,2,BENTHIC,13.4,Lythrypnus dalli,0,4,7,0,0
SUMMER,INDIANS,2,BENTHIC,16.2,Lythrypnus dalli,0,3,3,4,0
SUMMER,INDIANS,2,BENTHIC,21,Lythrypnus dalli,0,1,4,0,0
SUMMER,INDIANS,2,BENTHIC,23.8,Lythrypnus dalli,0,13,5,4,0
SUMMER,INDIANS,2,BENTHIC,24.7,Lythrypnus dalli,0,5,6,6,0
SUMMER,INDIANS,2,BENTHIC,27.4,Lythrypnus dalli,0,0,2,2,0
SUMMER,INDIANS,3,BENTHIC,1.5,Lythrypnus dalli,0,0,0,0,0
SUMMER,INDIANS,3,BENTHIC,5.2,Lythrypnus dalli,0,6,4,2,0
SUMMER,INDIANS,3,BENTHIC,6.5,Lythrypnus dalli,0,4,5,3,0
SUMMER,INDIANS,3,BENTHIC,11.6,Lythrypnus dalli,0,3,2,4,0
SUMMER,INDIANS,3,BENTHIC,14.5,Lythrypnus dalli,0,1,2,0,0
SUMMER,INDIANS,3,BENTHIC,15.7,Lythrypnus dalli,0,2,3,0,0
SUMMER,INDIANS,3,BENTHIC,18.7,Lythrypnus dalli,0,4,5,4,0
SUMMER,INDIANS,3,BENTHIC,23.1,Lythrypnus dalli,0,0,0,1,0
SUMMER,INDIANS,3,BENTHIC,26.6,Lythrypnus dalli,0,1,4,2,0
SUMMER,INDIANS,3,BENTHIC,29.1,Lythrypnus dalli,0,4,0,3,0
SUMMER,INDIANS,4,BENTHIC,0.3,Lythrypnus dalli,0,3,4,4,0
SUMMER,INDIANS,4,BENTHIC,5.8,Lythrypnus dalli,0,0,0,0,0
SUMMER,INDIANS,4,BENTHIC,8.5,Lythrypnus dalli,0,0,0,0,0
SUMMER,INDIANS,4,BENTHIC,11.4,Lythrypnus dalli,0,0,2,5,0
SUMMER,INDIANS,4,BENTHIC,12.4,Lythrypnus dalli,0,1,0,2,0
SUMMER,INDIANS,4,BENTHIC,16.4,Lythrypnus dalli,0,2,3,2,0
SUMMER,INDIANS,4,BENTHIC,20.5,Lythrypnus dalli,0,0,0,0,0
SUMMER,INDIANS,4,BENTHIC,22,Lythrypnus dalli,0,0,1,0,0
SUMMER,INDIANS,4,BENTHIC,25,Lythrypnus dalli,0,0,0,0,0
SUMMER,INDIANS,4,BENTHIC,27.5,Lythrypnus dalli,0,7,2,0,0
SUMMER,PARADISE,1,BENTHIC,0.9,Lythrypnus dalli,0,2,4,1,0
SUMMER,PARADISE,1,BENTHIC,3.4,Lythrypnus dalli,0,4,0,5,0
SUMMER,PARADISE,1,BENTHIC,8.6,Lythrypnus dalli,0,2,4,1,0
SUMMER,PARADISE,1,BENTHIC,9.6,Lythrypnus dalli,0,1,3,0,0
SUMMER,PARADISE,1,BENTHIC,14.8,Lythrypnus dalli,0,3,9,2,0
SUMMER,PARADISE,1,BENTHIC,17,Lythrypnus dalli,0,2,2,0,0
SUMMER,PARADISE,1,BENTHIC,20.3,Lythrypnus dalli,0,1,3,1,0
SUMMER,PARADISE,1,BENTHIC,23.2,Lythrypnus dalli,0,1,0,0,0
SUMMER,PARADISE,1,BENTHIC,26.4,Lythrypnus dalli,0,5,1,0,0
SUMMER,PARADISE,1,BENTHIC,27.7,Lythrypnus dalli,0,1,2,0,0
SUMMER,PARADISE,2,BENTHIC,2.5,Lythrypnus dalli,0,0,0,0,0
SUMMER,PARADISE,2,BENTHIC,6,Lythrypnus dalli,0,0,0,0,0
SUMMER,PARADISE,2,BENTHIC,6.8,Lythrypnus dalli,0,0,0,0,0
SUMMER,PARADISE,2,BENTHIC,10.3,Lythrypnus dalli,0,0,0,0,0
SUMMER,PARADISE,2,BENTHIC,14.9,Lythrypnus dalli,0,0,0,0,0
SUMMER,PARADISE,2,BENTHIC,15.1,Lythrypnus dalli,0,0,0,2,0
SUMMER,PARADISE,2,BENTHIC,19.8,Lythrypnus dalli,0,0,0,0,0
SUMMER,PARADISE,2,BENTHIC,22.4,Lythrypnus dalli,0,1,0,0,0
SUMMER,PARADISE,2,BENTHIC,26.4,Lythrypnus dalli,0,0,0,0,0
SUMMER,PARADISE,2,BENTHIC,27.5,Lythrypnus dalli,0,1,0,0,0
SUMMER,PARADISE,3,BENTHIC,1.2,Lythrypnus dalli,0,0,1,0,0
SUMMER,PARADISE,3,BENTHIC,4.9,Lythrypnus dalli,0,1,2,0,0
SUMMER,PARADISE,3,BENTHIC,7.8,Lythrypnus dalli,0,1,1,0,0
SUMMER,PARADISE,3,BENTHIC,11.6,Lythrypnus dalli,0,2,2,0,0
SUMMER,PARADISE,3,BENTHIC,13.8,Lythrypnus dalli,0,1,2,0,0
SUMMER,PARADISE,3,BENTHIC,16.5,Lythrypnus dalli,0,1,0,0,0
SUMMER,PARADISE,3,BENTHIC,20.7,Lythrypnus dalli,0,0,1,0,0
SUMMER,PARADISE,3,BENTHIC,21.9,Lythrypnus dalli,0,0,1,0,0
SUMMER,PARADISE,3,BENTHIC,26.3,Lythrypnus dalli,0,1,0,0,0
SUMMER,PARADISE,3,BENTHIC,28.9,Lythrypnus dalli,0,0,0,0,0
SUMMER,PARADISE,4,BENTHIC,2.3,Lythrypnus dalli,0,1,0,0,0
SUMMER,PARADISE,4,BENTHIC,5,Lythrypnus dalli,0,1,0,0,0
SUMMER,PARADISE,4,BENTHIC,6.3,Lythrypnus dalli,0,0,0,0,0
SUMMER,PARADISE,4,BENTHIC,11.8,Lythrypnus dalli,0,0,0,0,0
SUMMER,PARADISE,4,BENTHIC,13.7,Lythrypnus dalli,0,0,0,0,0
SUMMER,PARADISE,4,BENTHIC,16.9,Lythrypnus dalli,0,0,0,0,0
SUMMER,PARADISE,4,BENTHIC,19.4,Lythrypnus dalli,0,0,0,0,0
SUMMER,PARADISE,4,BENTHIC,22.4,Lythrypnus dalli,0,0,0,0,0
SUMMER,PARADISE,4,BENTHIC,24.8,Lythrypnus dalli,0,0,0,0,0
SUMMER,PARADISE,4,BENTHIC,27.5,Lythrypnus dalli,0,0,0,0,0
SUMMER,ISTHMUS,1,BENTHIC,2.1,Lythrypnus dalli,0,2,3,2,0
SUMMER,ISTHMUS,1,BENTHIC,4.2,Lythrypnus dalli,0,1,1,1,0
SUMMER,ISTHMUS,1,BENTHIC,6.3,Lythrypnus dalli,0,6,4,1,0
SUMMER,ISTHMUS,1,BENTHIC,10,Lythrypnus dalli,0,1,0,0,0
SUMMER,ISTHMUS,1,BENTHIC,14.1,Lythrypnus dalli,0,1,1,0,0
SUMMER,ISTHMUS,1,BENTHIC,15.5,Lythrypnus dalli,0,4,1,2,0
SUMMER,ISTHMUS,1,BENTHIC,19.1,Lythrypnus dalli,0,2,3,0,0
SUMMER,ISTHMUS,1,BENTHIC,21,Lythrypnus dalli,0,0,0,0,0
SUMMER,ISTHMUS,1,BENTHIC,24.6,Lythrypnus dalli,0,0,1,1,0
SUMMER,ISTHMUS,1,BENTHIC,28.4,Lythrypnus dalli,0,3,3,3,0
SUMMER,ISTHMUS,2,BENTHIC,3,Lythrypnus dalli,0,3,1,0,0
SUMMER,ISTHMUS,2,BENTHIC,3.6,Lythrypnus dalli,0,2,3,1,0
SUMMER,ISTHMUS,2,BENTHIC,7.8,Lythrypnus dalli,0,2,1,0,0
SUMMER,ISTHMUS,2,BENTHIC,12,Lythrypnus dalli,0,0,0,0,0
SUMMER,ISTHMUS,2,BENTHIC,14.5,Lythrypnus dalli,0,0,2,1,0
SUMMER,ISTHMUS,2,BENTHIC,15.7,Lythrypnus dalli,0,1,3,1,1
SUMMER,ISTHMUS,2,BENTHIC,19.4,Lythrypnus dalli,0,3,1,2,0
SUMMER,ISTHMUS,2,BENTHIC,21.3,Lythrypnus dalli,0,0,3,2,0
SUMMER,ISTHMUS,2,BENTHIC,25.1,Lythrypnus dalli,0,0,4,5,0
SUMMER,ISTHMUS,2,BENTHIC,27.2,Lythrypnus dalli,0,6,2,4,0
SUMMER,ISTHMUS,3,BENTHIC,0.8,Lythrypnus dalli,0,6,6,1,0
SUMMER,ISTHMUS,3,BENTHIC,3,Lythrypnus dalli,0,7,6,2,0
SUMMER,ISTHMUS,3,BENTHIC,6.8,Lythrypnus dalli,0,0,0,0,0
SUMMER,ISTHMUS,3,BENTHIC,11.7,Lythrypnus dalli,0,4,2,2,0
SUMMER,ISTHMUS,3,BENTHIC,15,Lythrypnus dalli,0,5,1,1,0
SUMMER,ISTHMUS,3,BENTHIC,16.9,Lythrypnus dalli,0,3,2,0,0
SUMMER,ISTHMUS,3,BENTHIC,18.1,Lythrypnus dalli,0,1,0,0,0
SUMMER,ISTHMUS,3,BENTHIC,21.5,Lythrypnus dalli,0,4,8,4,0
SUMMER,ISTHMUS,3,BENTHIC,25.7,Lythrypnus dalli,0,5,6,2,0
SUMMER,ISTHMUS,3,BENTHIC,28.8,Lythrypnus dalli,0,3,4,2,0
SUMMER,ISTHMUS,4,BENTHIC,0.1,Lythrypnus dalli,0,0,0,0,0
SUMMER,ISTHMUS,4,BENTHIC,4.5,Lythrypnus dalli,0,0,1,0,0
SUMMER,ISTHMUS,4,BENTHIC,8.1,Lythrypnus dalli,0,3,7,4,0
SUMMER,ISTHMUS,4,BENTHIC,10.7,Lythrypnus dalli,0,7,6,3,0
SUMMER,ISTHMUS,4,BENTHIC,12.1,Lythrypnus dalli,0,0,1,0,0
SUMMER,ISTHMUS,4,BENTHIC,15.7,Lythrypnus dalli,0,4,1,1,0
SUMMER,ISTHMUS,4,BENTHIC,19.8,Lythrypnus dalli,0,9,14,5,0
SUMMER,ISTHMUS,4,BENTHIC,21.8,Lythrypnus dalli,0,2,1,0,0
SUMMER,ISTHMUS,4,BENTHIC,25,Lythrypnus dalli,0,1,0,0,0
SUMMER,ISTHMUS,4,BENTHIC,27.5,Lythrypnus dalli,0,6,0,1,0
SUMMER,EMPIRE,1,BENTHIC,3,Lythrypnus dalli,0,0,0,0,0
SUMMER,EMPIRE,1,BENTHIC,4.6,Lythrypnus dalli,0,3,7,2,0
SUMMER,EMPIRE,1,BENTHIC,6.1,Lythrypnus dalli,0,1,2,0,0
SUMMER,EMPIRE,1,BENTHIC,10.8,Lythrypnus dalli,0,2,5,2,0
SUMMER,EMPIRE,1,BENTHIC,13.6,Lythrypnus dalli,0,0,0,0,0
SUMMER,EMPIRE,1,BENTHIC,17.4,Lythrypnus dalli,0,0,1,0,0
SUMMER,EMPIRE,1,BENTHIC,19.5,Lythrypnus dalli,0,1,0,0,0
SUMMER,EMPIRE,1,BENTHIC,21.5,Lythrypnus dalli,0,0,0,0,0
SUMMER,EMPIRE,1,BENTHIC,25.4,Lythrypnus dalli,0,0,2,0,0
SUMMER,EMPIRE,1,BENTHIC,27.2,Lythrypnus dalli,0,0,0,0,0
SUMMER,EMPIRE,2,BENTHIC,2.4,Lythrypnus dalli,0,3,1,2,0
SUMMER,EMPIRE,2,BENTHIC,4.5,Lythrypnus dalli,0,0,0,0,0
SUMMER,EMPIRE,2,BENTHIC,6.1,Lythrypnus dalli,0,1,0,0,0
SUMMER,EMPIRE,2,BENTHIC,9.8,Lythrypnus dalli,0,0,1,2,0
SUMMER,EMPIRE,2,BENTHIC,14.9,Lythrypnus dalli,0,0,0,0,0
SUMMER,EMPIRE,2,BENTHIC,15.3,Lythrypnus dalli,0,0,0,0,0
SUMMER,EMPIRE,2,BENTHIC,18,Lythrypnus dalli,0,0,0,0,0
SUMMER,EMPIRE,2,BENTHIC,22.7,Lythrypnus dalli,0,0,0,0,0
SUMMER,EMPIRE,2,BENTHIC,26.5,Lythrypnus dalli,0,0,0,0,0
SUMMER,EMPIRE,2,BENTHIC,27.5,Lythrypnus dalli,0,1,0,0,0
SUMMER,EMPIRE,3,BENTHIC,2.2,Lythrypnus dalli,0,0,0,0,0
SUMMER,EMPIRE,3,BENTHIC,4.6,Lythrypnus dalli,0,0,1,0,0
SUMMER,EMPIRE,3,BENTHIC,6.9,Lythrypnus dalli,0,1,0,0,0
SUMMER,EMPIRE,3,BENTHIC,9.7,Lythrypnus dalli,0,0,0,0,0
SUMMER,EMPIRE,3,BENTHIC,12.9,Lythrypnus dalli,0,0,0,0,0
SUMMER,EMPIRE,3,BENTHIC,17,Lythrypnus dalli,0,0,0,0,0
SUMMER,EMPIRE,3,BENTHIC,19.1,Lythrypnus dalli,0,0,0,0,0
SUMMER,EMPIRE,3,BENTHIC,22.6,Lythrypnus dalli,0,0,0,0,0
SUMMER,EMPIRE,3,BENTHIC,24,Lythrypnus dalli,0,1,0,0,0
SUMMER,EMPIRE,3,BENTHIC,28.6,Lythrypnus dalli,0,0,0,0,0
SUMMER,EMPIRE,4,BENTHIC,0.1,Lythrypnus dalli,0,0,2,0,0
SUMMER,EMPIRE,4,BENTHIC,4.8,Lythrypnus dalli,0,0,0,1,0
SUMMER,EMPIRE,4,BENTHIC,6.1,Lythrypnus dalli,0,0,0,0,0
SUMMER,EMPIRE,4,BENTHIC,12,Lythrypnus dalli,0,0,0,0,0
SUMMER,EMPIRE,4,BENTHIC,12.3,Lythrypnus dalli,0,0,0,0,0
SUMMER,EMPIRE,4,BENTHIC,15.8,Lythrypnus dalli,0,0,0,0,0
SUMMER,EMPIRE,4,BENTHIC,20.4,Lythrypnus dalli,0,0,0,0,0
SUMMER,EMPIRE,4,BENTHIC,21.8,Lythrypnus dalli,0,0,1,0,0
SUMMER,EMPIRE,4,BENTHIC,26,Lythrypnus dalli,0,0,0,0,0
SUMMER,EMPIRE,4,BENTHIC,30,Lythrypnus dalli,0,0,1,0,0
FALL,INDIANS,1,BENTHIC,2.1,Lythrypnus dalli,0,0,0,0,0
FALL,INDIANS,1,BENTHIC,4.2,Lythrypnus dalli,0,0,0,0,0
FALL,INDIANS,1,BENTHIC,8.3,Lythrypnus dalli,0,0,0,0,0
FALL,INDIANS,1,BENTHIC,9.4,Lythrypnus dalli,0,0,0,0,0
FALL,INDIANS,1,BENTHIC,12.4,Lythrypnus dalli,0,0,0,0,0
FALL,INDIANS,1,BENTHIC,17.4,Lythrypnus dalli,0,0,0,0,0
FALL,INDIANS,1,BENTHIC,19.5,Lythrypnus dalli,0,0,0,0,0
FALL,INDIANS,1,BENTHIC,23.8,Lythrypnus dalli,0,0,0,0,0
FALL,INDIANS,1,BENTHIC,26.8,Lythrypnus dalli,0,0,0,0,0
FALL,INDIANS,1,BENTHIC,29.1,Lythrypnus dalli,0,0,0,0,0
FALL,INDIANS,2,BENTHIC,0,Lythrypnus dalli,0,0,0,0,0
FALL,INDIANS,2,BENTHIC,3.3,Lythrypnus dalli,0,0,0,0,0
FALL,INDIANS,2,BENTHIC,6.8,Lythrypnus dalli,0,0,0,0,0
FALL,INDIANS,2,BENTHIC,12,Lythrypnus dalli,0,0,0,0,0
FALL,INDIANS,2,BENTHIC,13.5,Lythrypnus dalli,0,0,0,0,0
FALL,INDIANS,2,BENTHIC,15.6,Lythrypnus dalli,0,0,0,0,0
FALL,INDIANS,2,BENTHIC,18.4,Lythrypnus dalli,0,0,0,0,0
FALL,INDIANS,2,BENTHIC,23.4,Lythrypnus dalli,0,0,0,0,0
FALL,INDIANS,2,BENTHIC,24,Lythrypnus dalli,0,0,0,0,0
FALL,INDIANS,2,BENTHIC,28.4,Lythrypnus dalli,0,0,0,0,0
FALL,INDIANS,3,BENTHIC,2.4,Lythrypnus dalli,0,0,0,0,0
FALL,INDIANS,3,BENTHIC,4.7,Lythrypnus dalli,0,0,0,0,0
FALL,INDIANS,3,BENTHIC,7,Lythrypnus dalli,0,0,0,0,0
FALL,INDIANS,3,BENTHIC,10.4,Lythrypnus dalli,0,0,0,0,0
FALL,INDIANS,3,BENTHIC,12.4,Lythrypnus dalli,0,0,0,0,0
FALL,INDIANS,3,BENTHIC,15,Lythrypnus dalli,0,0,0,0,0
FALL,INDIANS,3,BENTHIC,18.2,Lythrypnus dalli,0,0,0,0,0
FALL,INDIANS,3,BENTHIC,22.3,Lythrypnus dalli,0,0,0,0,0
FALL,INDIANS,3,BENTHIC,25.1,Lythrypnus dalli,0,0,0,0,0
FALL,INDIANS,3,BENTHIC,28.9,Lythrypnus dalli,0,0,0,0,0
FALL,INDIANS,4,BENTHIC,2.9,Lythrypnus dalli,0,0,12,3,0
FALL,INDIANS,4,BENTHIC,4.2,Lythrypnus dalli,0,0,15,1,0
FALL,INDIANS,4,BENTHIC,7.5,Lythrypnus dalli,0,7,10,5,0
FALL,INDIANS,4,BENTHIC,12,Lythrypnus dalli,0,0,0,0,0
FALL,INDIANS,4,BENTHIC,13.9,Lythrypnus dalli,0,0,10,0,0
FALL,INDIANS,4,BENTHIC,16.4,Lythrypnus dalli,0,0,0,0,0
FALL,INDIANS,4,BENTHIC,21.4,Lythrypnus dalli,0,0,0,0,0
FALL,INDIANS,4,BENTHIC,24.1,Lythrypnus dalli,0,0,0,0,0
FALL,INDIANS,4,BENTHIC,27.2,Lythrypnus dalli,0,0,0,0,0
FALL,INDIANS,4,BENTHIC,29,Lythrypnus dalli,0,0,0,0,0
FALL,ARROW,1,BENTHIC,2.4,Lythrypnus dalli,0,0,0,0,0
FALL,ARROW,1,BENTHIC,5.9,Lythrypnus dalli,0,0,0,0,0
FALL,ARROW,1,BENTHIC,6.9,Lythrypnus dalli,0,0,0,0,0
FALL,ARROW,1,BENTHIC,10.2,Lythrypnus dalli,0,0,0,0,0
FALL,ARROW,1,BENTHIC,12.5,Lythrypnus dalli,0,0,0,0,0
FALL,ARROW,1,BENTHIC,15.9,Lythrypnus dalli,0,0,0,0,0
FALL,ARROW,1,BENTHIC,19.8,Lythrypnus dalli,0,0,0,0,0
FALL,ARROW,1,BENTHIC,24,Lythrypnus dalli,0,0,0,0,0
FALL,ARROW,1,BENTHIC,25.8,Lythrypnus dalli,0,0,0,0,0
FALL,ARROW,1,BENTHIC,27.1,Lythrypnus dalli,0,0,0,0,0
FALL,ARROW,2,BENTHIC,0.7,Lythrypnus dalli,0,0,0,0,0
FALL,ARROW,2,BENTHIC,4.7,Lythrypnus dalli,0,0,0,0,0
FALL,ARROW,2,BENTHIC,8,Lythrypnus dalli,0,0,0,0,0
FALL,ARROW,2,BENTHIC,9.4,Lythrypnus dalli,0,0,0,0,0
FALL,ARROW,2,BENTHIC,14.1,Lythrypnus dalli,0,0,0,0,0
FALL,ARROW,2,BENTHIC,16.7,Lythrypnus dalli,0,0,0,0,0
FALL,ARROW,2,BENTHIC,19.8,Lythrypnus dalli,0,0,0,0,0
FALL,ARROW,2,BENTHIC,23.8,Lythrypnus dalli,0,0,0,0,0
FALL,ARROW,2,BENTHIC,24.1,Lythrypnus dalli,0,0,0,0,0
FALL,ARROW,2,BENTHIC,28.6,Lythrypnus dalli,0,0,0,0,0
FALL,ARROW,3,BENTHIC,1.8,Lythrypnus dalli,0,0,0,0,0
FALL,ARROW,3,BENTHIC,4.4,Lythrypnus dalli,0,0,0,0,0
FALL,ARROW,3,BENTHIC,7.7,Lythrypnus dalli,0,0,0,0,0
FALL,ARROW,3,BENTHIC,9.9,Lythrypnus dalli,0,0,0,0,0
FALL,ARROW,3,BENTHIC,14.2,Lythrypnus dalli,0,0,0,0,0
FALL,ARROW,3,BENTHIC,16,Lythrypnus dalli,0,0,0,0,0
FALL,ARROW,3,BENTHIC,20,Lythrypnus dalli,0,0,0,0,0
FALL,ARROW,3,BENTHIC,23.7,Lythrypnus dalli,0,0,0,0,0
FALL,ARROW,3,BENTHIC,24.8,Lythrypnus dalli,0,0,0,0,0
FALL,ARROW,3,BENTHIC,27.3,Lythrypnus dalli,0,0,0,0,0
FALL,ARROW,4,BENTHIC,1.4,Lythrypnus dalli,0,0,0,0,0
FALL,ARROW,4,BENTHIC,5.8,Lythrypnus dalli,0,0,0,0,0
FALL,ARROW,4,BENTHIC,7.6,Lythrypnus dalli,0,0,0,0,0
FALL,ARROW,4,BENTHIC,10.1,Lythrypnus dalli,0,0,0,0,0
FALL,ARROW,4,BENTHIC,13.2,Lythrypnus dalli,0,0,0,0,0
FALL,ARROW,4,BENTHIC,15,Lythrypnus dalli,0,0,0,0,0
FALL,ARROW,4,BENTHIC,19,Lythrypnus dalli,0,0,0,0,0
FALL,ARROW,4,BENTHIC,23.1,Lythrypnus dalli,0,0,0,0,0
FALL,ARROW,4,BENTHIC,25.6,Lythrypnus dalli,0,0,0,0,0
FALL,ARROW,4,BENTHIC,27,Lythrypnus dalli,0,0,0,0,0
FALL,PARSONS,1,BENTHIC,2.6,Lythrypnus dalli,0,0,0,0,0
FALL,PARSONS,1,BENTHIC,3.6,Lythrypnus dalli,0,0,0,0,0
FALL,PARSONS,1,BENTHIC,8.5,Lythrypnus dalli,0,0,0,0,0
FALL,PARSONS,1,BENTHIC,9.6,Lythrypnus dalli,0,0,0,0,0
FALL,PARSONS,1,BENTHIC,14.8,Lythrypnus dalli,0,0,0,0,0
FALL,PARSONS,1,BENTHIC,16.5,Lythrypnus dalli,0,0,0,0,0
FALL,PARSONS,1,BENTHIC,19.7,Lythrypnus dalli,0,0,0,0,0
FALL,PARSONS,1,BENTHIC,23.3,Lythrypnus dalli,0,0,0,0,0
FALL,PARSONS,1,BENTHIC,24,Lythrypnus dalli,0,0,0,0,0
FALL,PARSONS,1,BENTHIC,28,Lythrypnus dalli,0,0,0,0,0
FALL,PARSONS,2,BENTHIC,2.8,Lythrypnus dalli,0,0,0,0,0
FALL,PARSONS,2,BENTHIC,3.7,Lythrypnus dalli,0,0,0,0,0
FALL,PARSONS,2,BENTHIC,7,Lythrypnus dalli,0,0,0,0,0
FALL,PARSONS,2,BENTHIC,10.2,Lythrypnus dalli,0,0,0,0,0
FALL,PARSONS,2,BENTHIC,14.4,Lythrypnus dalli,0,0,0,0,0
FALL,PARSONS,2,BENTHIC,15.8,Lythrypnus dalli,0,0,0,0,0
FALL,PARSONS,2,BENTHIC,20.2,Lythrypnus dalli,0,0,0,0,0
FALL,PARSONS,2,BENTHIC,23.7,Lythrypnus dalli,0,0,0,0,0
FALL,PARSONS,2,BENTHIC,24.5,Lythrypnus dalli,0,0,0,0,0
FALL,PARSONS,2,BENTHIC,27.2,Lythrypnus dalli,0,0,0,0,0
FALL,PARSONS,3,BENTHIC,1.4,Lythrypnus dalli,0,0,0,0,0
FALL,PARSONS,3,BENTHIC,5.7,Lythrypnus dalli,0,0,0,0,0
FALL,PARSONS,3,BENTHIC,6.4,Lythrypnus dalli,0,0,0,0,0
FALL,PARSONS,3,BENTHIC,11.5,Lythrypnus dalli,0,0,0,0,0
FALL,PARSONS,3,BENTHIC,14.7,Lythrypnus dalli,0,0,0,0,0
FALL,PARSONS,3,BENTHIC,18,Lythrypnus dalli,0,0,0,0,0
FALL,PARSONS,3,BENTHIC,18.8,Lythrypnus dalli,0,0,0,0,0
FALL,PARSONS,3,BENTHIC,23.3,Lythrypnus dalli,0,0,0,0,0
FALL,PARSONS,3,BENTHIC,26.7,Lythrypnus dalli,0,0,0,0,0
FALL,PARSONS,3,BENTHIC,28.8,Lythrypnus dalli,0,0,0,0,0
FALL,PARSONS,4,BENTHIC,1.2,Lythrypnus dalli,0,0,0,0,0
FALL,PARSONS,4,BENTHIC,4.7,Lythrypnus dalli,0,0,0,0,0
FALL,PARSONS,4,BENTHIC,7,Lythrypnus dalli,0,0,0,0,0
FALL,PARSONS,4,BENTHIC,9.1,Lythrypnus dalli,0,0,0,0,0
FALL,PARSONS,4,BENTHIC,14.5,Lythrypnus dalli,0,0,0,0,0
FALL,PARSONS,4,BENTHIC,15.8,Lythrypnus dalli,0,0,0,0,0
FALL,PARSONS,4,BENTHIC,19.7,Lythrypnus dalli,0,0,0,0,0
FALL,PARSONS,4,BENTHIC,22.2,Lythrypnus dalli,0,0,0,0,0
FALL,PARSONS,4,BENTHIC,26.2,Lythrypnus dalli,0,0,0,0,0
FALL,PARSONS,4,BENTHIC,29.8,Lythrypnus dalli,0,0,0,0,0
FALL,BEYOND,1,BENTHIC,1.5,Lythrypnus dalli,0,0,0,0,0
FALL,BEYOND,1,BENTHIC,4.5,Lythrypnus dalli,0,0,0,0,0
FALL,BEYOND,1,BENTHIC,6.4,Lythrypnus dalli,0,0,0,0,0
FALL,BEYOND,1,BENTHIC,11.2,Lythrypnus dalli,0,0,0,0,0
FALL,BEYOND,1,BENTHIC,13.9,Lythrypnus dalli,0,0,0,0,0
FALL,BEYOND,1,BENTHIC,17.4,Lythrypnus dalli,0,0,0,0,0
FALL,BEYOND,1,BENTHIC,18,Lythrypnus dalli,0,0,0,0,0
FALL,BEYOND,1,BENTHIC,21.3,Lythrypnus dalli,0,0,0,0,0
FALL,BEYOND,1,BENTHIC,24.9,Lythrypnus dalli,0,0,0,0,0
FALL,BEYOND,1,BENTHIC,27.3,Lythrypnus dalli,0,0,0,0,0
FALL,BEYOND,2,BENTHIC,2.7,Lythrypnus dalli,0,0,0,0,0
FALL,BEYOND,2,BENTHIC,5.3,Lythrypnus dalli,0,0,0,0,0
FALL,BEYOND,2,BENTHIC,6.6,Lythrypnus dalli,0,0,0,0,0
FALL,BEYOND,2,BENTHIC,11.2,Lythrypnus dalli,0,0,0,0,0
FALL,BEYOND,2,BENTHIC,14,Lythrypnus dalli,0,0,0,0,0
FALL,BEYOND,2,BENTHIC,17.7,Lythrypnus dalli,0,0,0,0,0
FALL,BEYOND,2,BENTHIC,18.7,Lythrypnus dalli,0,0,0,0,0
FALL,BEYOND,2,BENTHIC,22.1,Lythrypnus dalli,0,0,0,0,0
FALL,BEYOND,2,BENTHIC,26.4,Lythrypnus dalli,0,0,0,0,0
FALL,BEYOND,2,BENTHIC,27.9,Lythrypnus dalli,0,0,0,0,0
FALL,BEYOND,3,BENTHIC,0.4,Lythrypnus dalli,0,0,0,0,0
FALL,BEYOND,3,BENTHIC,5.6,Lythrypnus dalli,0,0,0,0,0
FALL,BEYOND,3,BENTHIC,8.7,Lythrypnus dalli,0,0,0,0,0
FALL,BEYOND,3,BENTHIC,10.8,Lythrypnus dalli,0,0,0,0,0
FALL,BEYOND,3,BENTHIC,14.3,Lythrypnus dalli,0,0,0,0,0
FALL,BEYOND,3,BENTHIC,15.2,Lythrypnus dalli,0,0,0,0,0
FALL,BEYOND,3,BENTHIC,20.8,Lythrypnus dalli,0,0,0,0,0
FALL,BEYOND,3,BENTHIC,21.6,Lythrypnus dalli,0,0,0,0,0
FALL,BEYOND,3,BENTHIC,26.3,Lythrypnus dalli,0,0,0,0,0
FALL,BEYOND,3,BENTHIC,27.8,Lythrypnus dalli,0,0,0,0,0
FALL,BEYOND,4,BENTHIC,0.7,Lythrypnus dalli,0,0,0,0,0
FALL,BEYOND,4,BENTHIC,5.8,Lythrypnus dalli,0,0,0,0,0
FALL,BEYOND,4,BENTHIC,8.7,Lythrypnus dalli,0,0,0,0,0
FALL,BEYOND,4,BENTHIC,10.6,Lythrypnus dalli,0,0,0,0,0
FALL,BEYOND,4,BENTHIC,13,Lythrypnus dalli,0,0,0,0,0
FALL,BEYOND,4,BENTHIC,17,Lythrypnus dalli,0,0,0,0,0
FALL,BEYOND,4,BENTHIC,19.7,Lythrypnus dalli,0,0,0,0,0
FALL,BEYOND,4,BENTHIC,21.2,Lythrypnus dalli,0,0,0,0,0
FALL,BEYOND,4,BENTHIC,26.4,Lythrypnus dalli,0,0,0,0,0
FALL,BEYOND,4,BENTHIC,29.9,Lythrypnus dalli,0,0,0,0,0
FALL,ISTHMUS,1,BENTHIC,1.3,Lythrypnus dalli,0,2,17,1,0
FALL,ISTHMUS,1,BENTHIC,6,Lythrypnus dalli,0,2,14,2,0
FALL,ISTHMUS,1,BENTHIC,6.8,Lythrypnus dalli,0,4,6,0,0
FALL,ISTHMUS,1,BENTHIC,10.9,Lythrypnus dalli,0,0,0,0,0
FALL,ISTHMUS,1,BENTHIC,13.8,Lythrypnus dalli,0,1,0,0,0
FALL,ISTHMUS,1,BENTHIC,17.9,Lythrypnus dalli,0,0,0,0,0
FALL,ISTHMUS,1,BENTHIC,19.8,Lythrypnus dalli,0,0,1,1,0
FALL,ISTHMUS,1,BENTHIC,22,Lythrypnus dalli,0,2,7,3,0
FALL,ISTHMUS,1,BENTHIC,26.3,Lythrypnus dalli,0,0,1,2,0
FALL,ISTHMUS,1,BENTHIC,27,Lythrypnus dalli,0,0,2,1,0
FALL,ISTHMUS,2,BENTHIC,1.9,Lythrypnus dalli,0,1,2,0,0
FALL,ISTHMUS,2,BENTHIC,4.4,Lythrypnus dalli,0,2,3,1,0
FALL,ISTHMUS,2,BENTHIC,6.7,Lythrypnus dalli,0,1,3,0,0
FALL,ISTHMUS,2,BENTHIC,10.3,Lythrypnus dalli,0,1,2,0,0
FALL,ISTHMUS,2,BENTHIC,13.3,Lythrypnus dalli,0,1,1,0,0
FALL,ISTHMUS,2,BENTHIC,16.4,Lythrypnus dalli,0,4,1,1,0
FALL,ISTHMUS,2,BENTHIC,20.7,Lythrypnus dalli,0,1,12,1,0
FALL,ISTHMUS,2,BENTHIC,22.7,Lythrypnus dalli,0,0,6,1,0
FALL,ISTHMUS,2,BENTHIC,26.7,Lythrypnus dalli,0,2,9,2,0
FALL,ISTHMUS,2,BENTHIC,29.7,Lythrypnus dalli,0,0,14,2,0
FALL,ISTHMUS,3,BENTHIC,0.2,Lythrypnus dalli,0,3,2,1,0
FALL,ISTHMUS,3,BENTHIC,3.3,Lythrypnus dalli,0,0,3,6,0
FALL,ISTHMUS,3,BENTHIC,6.9,Lythrypnus dalli,0,2,7,2,0
FALL,ISTHMUS,3,BENTHIC,10.5,Lythrypnus dalli,0,3,14,2,0
FALL,ISTHMUS,3,BENTHIC,14.1,Lythrypnus dalli,0,0,3,1,0
FALL,ISTHMUS,3,BENTHIC,16.9,Lythrypnus dalli,0,0,8,1,0
FALL,ISTHMUS,3,BENTHIC,18.7,Lythrypnus dalli,0,1,0,0,0
FALL,ISTHMUS,3,BENTHIC,21.8,Lythrypnus dalli,0,2,6,0,0
FALL,ISTHMUS,3,BENTHIC,25.4,Lythrypnus dalli,0,0,11,3,0
FALL,ISTHMUS,3,BENTHIC,27.4,Lythrypnus dalli,0,0,2,2,0
FALL,ISTHMUS,4,BENTHIC,2.7,Lythrypnus dalli,0,5,6,0,0
FALL,ISTHMUS,4,BENTHIC,3.5,Lythrypnus dalli,0,4,1,0,0
FALL,ISTHMUS,4,BENTHIC,8.7,Lythrypnus dalli,0,0,21,2,0
FALL,ISTHMUS,4,BENTHIC,11.5,Lythrypnus dalli,0,0,18,2,0
FALL,ISTHMUS,4,BENTHIC,13.3,Lythrypnus dalli,0,0,8,1,0
FALL,ISTHMUS,4,BENTHIC,18,Lythrypnus dalli,0,4,9,0,0
FALL,ISTHMUS,4,BENTHIC,20.2,Lythrypnus dalli,0,1,5,2,0
FALL,ISTHMUS,4,BENTHIC,22.2,Lythrypnus dalli,0,1,4,0,0
FALL,ISTHMUS,4,BENTHIC,26.6,Lythrypnus dalli,0,0,1,0,0
FALL,ISTHMUS,4,BENTHIC,28.5,Lythrypnus dalli,0,1,6,0,0
FALL,PARADISE,1,BENTHIC,2.1,Lythrypnus dalli,0,0,0,0,0
FALL,PARADISE,1,BENTHIC,5.1,Lythrypnus dalli,0,0,0,0,0
FALL,PARADISE,1,BENTHIC,7.4,Lythrypnus dalli,0,0,0,0,0
FALL,PARADISE,1,BENTHIC,9,Lythrypnus dalli,0,0,0,0,0
FALL,PARADISE,1,BENTHIC,12.6,Lythrypnus dalli,0,0,0,0,0
FALL,PARADISE,1,BENTHIC,16.5,Lythrypnus dalli,0,0,0,0,0
FALL,PARADISE,1,BENTHIC,20.8,Lythrypnus dalli,0,0,0,0,0
FALL,PARADISE,1,BENTHIC,22.6,Lythrypnus dalli,0,0,0,0,0
FALL,PARADISE,1,BENTHIC,24.8,Lythrypnus dalli,0,0,0,0,0
FALL,PARADISE,1,BENTHIC,27.4,Lythrypnus dalli,0,0,0,0,0
FALL,PARADISE,2,BENTHIC,0.1,Lythrypnus dalli,0,0,0,0,0
FALL,PARADISE,2,BENTHIC,4,Lythrypnus dalli,0,0,0,0,0
FALL,PARADISE,2,BENTHIC,7.5,Lythrypnus dalli,0,0,0,0,0
FALL,PARADISE,2,BENTHIC,11.6,Lythrypnus dalli,0,0,0,0,0
FALL,PARADISE,2,BENTHIC,13.1,Lythrypnus dalli,0,0,0,0,0
FALL,PARADISE,2,BENTHIC,15.2,Lythrypnus dalli,0,0,0,0,0
FALL,PARADISE,2,BENTHIC,18.7,Lythrypnus dalli,0,0,0,0,0
FALL,PARADISE,2,BENTHIC,21.9,Lythrypnus dalli,0,0,0,0,0
FALL,PARADISE,2,BENTHIC,25.3,Lythrypnus dalli,0,0,0,0,0
FALL,PARADISE,2,BENTHIC,28,Lythrypnus dalli,0,0,0,0,0
FALL,PARADISE,3,BENTHIC,1.5,Lythrypnus dalli,0,0,0,0,0
FALL,PARADISE,3,BENTHIC,4.8,Lythrypnus dalli,0,0,0,0,0
FALL,PARADISE,3,BENTHIC,7.2,Lythrypnus dalli,0,0,0,0,0
FALL,PARADISE,3,BENTHIC,9.1,Lythrypnus dalli,0,0,0,0,0
FALL,PARADISE,3,BENTHIC,13.7,Lythrypnus dalli,0,0,0,0,0
FALL,PARADISE,3,BENTHIC,17.6,Lythrypnus dalli,0,0,0,0,0
FALL,PARADISE,3,BENTHIC,20.4,Lythrypnus dalli,0,0,0,0,0
FALL,PARADISE,3,BENTHIC,21,Lythrypnus dalli,0,0,0,0,0
FALL,PARADISE,3,BENTHIC,24.4,Lythrypnus dalli,0,0,0,0,0
FALL,PARADISE,3,BENTHIC,27.8,Lythrypnus dalli,0,0,0,0,0
FALL,PARADISE,4,BENTHIC,2.6,Lythrypnus dalli,0,0,0,0,0
FALL,PARADISE,4,BENTHIC,3.7,Lythrypnus dalli,0,0,0,0,0
FALL,PARADISE,4,BENTHIC,6.5,Lythrypnus dalli,0,0,0,0,0
FALL,PARADISE,4,BENTHIC,11.6,Lythrypnus dalli,0,0,0,0,0
FALL,PARADISE,4,BENTHIC,14,Lythrypnus dalli,0,0,0,0,0
FALL,PARADISE,4,BENTHIC,16.6,Lythrypnus dalli,0,0,0,0,0
FALL,PARADISE,4,BENTHIC,20.5,Lythrypnus dalli,0,0,0,0,0
FALL,PARADISE,4,BENTHIC,21.2,Lythrypnus dalli,0,0,0,0,0
FALL,PARADISE,4,BENTHIC,24.6,Lythrypnus dalli,0,0,0,0,0
FALL,PARADISE,4,BENTHIC,29.5,Lythrypnus dalli,0,0,0,0,0
FALL,EMPIRE,1,BENTHIC,1,Lythrypnus dalli,0,0,0,0,0
FALL,EMPIRE,1,BENTHIC,3.4,Lythrypnus dalli,0,0,0,0,0
FALL,EMPIRE,1,BENTHIC,6.2,Lythrypnus dalli,0,0,0,0,0
FALL,EMPIRE,1,BENTHIC,10,Lythrypnus dalli,0,0,0,0,0
FALL,EMPIRE,1,BENTHIC,14.1,Lythrypnus dalli,0,0,0,0,0
FALL,EMPIRE,1,BENTHIC,16.9,Lythrypnus dalli,0,0,0,0,0
FALL,EMPIRE,1,BENTHIC,19,Lythrypnus dalli,0,0,0,0,0
FALL,EMPIRE,1,BENTHIC,21.6,Lythrypnus dalli,0,0,0,0,0
FALL,EMPIRE,1,BENTHIC,24.4,Lythrypnus dalli,0,0,0,0,0
FALL,EMPIRE,1,BENTHIC,29.8,Lythrypnus dalli,0,0,0,0,0
FALL,EMPIRE,2,BENTHIC,2.9,Lythrypnus dalli,0,0,0,0,0
FALL,EMPIRE,2,BENTHIC,5.4,Lythrypnus dalli,0,0,0,0,0
FALL,EMPIRE,2,BENTHIC,7.6,Lythrypnus dalli,0,0,0,0,0
FALL,EMPIRE,2,BENTHIC,11.4,Lythrypnus dalli,0,0,0,0,0
FALL,EMPIRE,2,BENTHIC,13,Lythrypnus dalli,0,0,0,0,0
FALL,EMPIRE,2,BENTHIC,18,Lythrypnus dalli,0,0,0,0,0
FALL,EMPIRE,2,BENTHIC,19.5,Lythrypnus dalli,0,0,0,0,0
FALL,EMPIRE,2,BENTHIC,21.7,Lythrypnus dalli,0,0,0,0,0
FALL,EMPIRE,2,BENTHIC,24.2,Lythrypnus dalli,0,0,0,0,0
FALL,EMPIRE,2,BENTHIC,27.4,Lythrypnus dalli,0,0,0,0,0
FALL,EMPIRE,3,BENTHIC,2.1,Lythrypnus dalli,0,0,0,0,0
FALL,EMPIRE,3,BENTHIC,3.8,Lythrypnus dalli,0,0,0,0,0
FALL,EMPIRE,3,BENTHIC,6.2,Lythrypnus dalli,0,0,0,0,0
FALL,EMPIRE,3,BENTHIC,11.5,Lythrypnus dalli,0,0,0,0,0
FALL,EMPIRE,3,BENTHIC,14.2,Lythrypnus dalli,0,0,0,0,0
FALL,EMPIRE,3,BENTHIC,16.5,Lythrypnus dalli,0,0,0,0,0
FALL,EMPIRE,3,BENTHIC,19.2,Lythrypnus dalli,0,0,0,0,0
FALL,EMPIRE,3,BENTHIC,23.5,Lythrypnus dalli,0,0,0,0,0
FALL,EMPIRE,3,BENTHIC,26.3,Lythrypnus dalli,0,0,0,0,0
FALL,EMPIRE,3,BENTHIC,28.5,Lythrypnus dalli,0,0,0,0,0
FALL,EMPIRE,4,BENTHIC,2,Lythrypnus dalli,0,0,0,0,0
FALL,EMPIRE,4,BENTHIC,3.7,Lythrypnus dalli,0,0,0,0,0
FALL,EMPIRE,4,BENTHIC,8.1,Lythrypnus dalli,0,0,0,0,0
FALL,EMPIRE,4,BENTHIC,11.6,Lythrypnus dalli,0,0,0,0,0
FALL,EMPIRE,4,BENTHIC,15,Lythrypnus dalli,0,0,0,0,0
FALL,EMPIRE,4,BENTHIC,15.3,Lythrypnus dalli,0,0,0,0,0
FALL,EMPIRE,4,BENTHIC,18.3,Lythrypnus dalli,0,0,0,0,0
FALL,EMPIRE,4,BENTHIC,23.5,Lythrypnus dalli,0,0,0,0,0
FALL,EMPIRE,4,BENTHIC,26.3,Lythrypnus dalli,0,0,0,0,0
FALL,EMPIRE,4,BENTHIC,27.4,Lythrypnus dalli,0,0,0,0,0
WINTER,BEYOND,1,BENTHIC,1.5,Lythrypnus dalli,0,0,2,3,0
WINTER,BEYOND,1,BENTHIC,4.5,Lythrypnus dalli,0,0,0,0,0
WINTER,BEYOND,1,BENTHIC,6.4,Lythrypnus dalli,0,0,1,0,0
WINTER,BEYOND,1,BENTHIC,11.2,Lythrypnus dalli,0,0,0,0,0
WINTER,BEYOND,1,BENTHIC,13.9,Lythrypnus dalli,0,0,0,4,0
WINTER,BEYOND,1,BENTHIC,17.4,Lythrypnus dalli,0,0,0,1,0
WINTER,BEYOND,1,BENTHIC,18,Lythrypnus dalli,0,0,0,0,0
WINTER,BEYOND,1,BENTHIC,21.3,Lythrypnus dalli,0,0,3,0,0
WINTER,BEYOND,1,BENTHIC,24.9,Lythrypnus dalli,0,2,1,1,0
WINTER,BEYOND,1,BENTHIC,27.3,Lythrypnus dalli,0,0,1,0,0
WINTER,BEYOND,2,BENTHIC,2.7,Lythrypnus dalli,0,0,0,2,1
WINTER,BEYOND,2,BENTHIC,5.3,Lythrypnus dalli,0,0,0,0,0
WINTER,BEYOND,2,BENTHIC,6.6,Lythrypnus dalli,0,0,0,0,0
WINTER,BEYOND,2,BENTHIC,11.2,Lythrypnus dalli,0,0,0,0,0
WINTER,BEYOND,2,BENTHIC,14,Lythrypnus dalli,0,0,0,8,2
WINTER,BEYOND,2,BENTHIC,17.7,Lythrypnus dalli,0,0,0,0,0
WINTER,BEYOND,2,BENTHIC,18.7,Lythrypnus dalli,0,0,0,0,0
WINTER,BEYOND,2,BENTHIC,22.1,Lythrypnus dalli,0,0,0,0,0
WINTER,BEYOND,2,BENTHIC,26.9,Lythrypnus dalli,0,0,0,0,1
WINTER,BEYOND,2,BENTHIC,27.8,Lythrypnus dalli,0,0,0,3,0
WINTER,BEYOND,3,BENTHIC,0.4,Lythrypnus dalli,0,0,0,0,0
WINTER,BEYOND,3,BENTHIC,5.6,Lythrypnus dalli,0,0,0,0,0
WINTER,BEYOND,3,BENTHIC,8.7,Lythrypnus dalli,0,0,0,0,0
WINTER,BEYOND,3,BENTHIC,10.8,Lythrypnus dalli,0,0,0,9,0
WINTER,BEYOND,3,BENTHIC,14.3,Lythrypnus dalli,0,0,0,0,0
WINTER,BEYOND,3,BENTHIC,15.2,Lythrypnus dalli,0,0,0,0,0
WINTER,BEYOND,3,BENTHIC,20.8,Lythrypnus dalli,0,0,0,0,0
WINTER,BEYOND,3,BENTHIC,21.1,Lythrypnus dalli,0,0,0,0,0
WINTER,BEYOND,3,BENTHIC,26.3,Lythrypnus dalli,0,0,0,0,0
WINTER,BEYOND,3,BENTHIC,27.8,Lythrypnus dalli,0,0,0,0,1
WINTER,BEYOND,4,BENTHIC,0.7,Lythrypnus dalli,0,0,0,0,0
WINTER,BEYOND,4,BENTHIC,5.9,Lythrypnus dalli,0,0,0,0,0
WINTER,BEYOND,4,BENTHIC,8.7,Lythrypnus dalli,0,0,0,0,0
WINTER,BEYOND,4,BENTHIC,10.6,Lythrypnus dalli,0,0,0,0,0
WINTER,BEYOND,4,BENTHIC,13,Lythrypnus dalli,0,0,2,2,0
WINTER,BEYOND,4,BENTHIC,17,Lythrypnus dalli,0,0,0,0,0
WINTER,BEYOND,4,BENTHIC,19.7,Lythrypnus dalli,0,0,0,0,0
WINTER,BEYOND,4,BENTHIC,21.2,Lythrypnus dalli,0,0,0,0,0
WINTER,BEYOND,4,BENTHIC,26.4,Lythrypnus dalli,0,0,0,0,0
WINTER,BEYOND,4,BENTHIC,27.9,Lythrypnus dalli,0,0,0,0,0
WINTER,ISTHMUS,1,BENTHIC,3,Lythrypnus dalli,0,0,1,0,0
WINTER,ISTHMUS,1,BENTHIC,5.1,Lythrypnus dalli,0,0,0,3,0
WINTER,ISTHMUS,1,BENTHIC,7.9,Lythrypnus dalli,0,0,0,3,1
WINTER,ISTHMUS,1,BENTHIC,10.4,Lythrypnus dalli,0,0,0,0,0
WINTER,ISTHMUS,1,BENTHIC,12.4,Lythrypnus dalli,0,0,1,1,0
WINTER,ISTHMUS,1,BENTHIC,17.3,Lythrypnus dalli,0,0,1,2,0
WINTER,ISTHMUS,1,BENTHIC,19,Lythrypnus dalli,0,0,0,0,1
WINTER,ISTHMUS,1,BENTHIC,21.8,Lythrypnus dalli,0,2,5,4,0
WINTER,ISTHMUS,1,BENTHIC,24.7,Lythrypnus dalli,0,0,0,0,0
WINTER,ISTHMUS,1,BENTHIC,29,Lythrypnus dalli,0,1,2,1,1
WINTER,ISTHMUS,2,BENTHIC,0.4,Lythrypnus dalli,0,0,0,1,0
WINTER,ISTHMUS,2,BENTHIC,5.4,Lythrypnus dalli,0,0,0,0,0
WINTER,ISTHMUS,2,BENTHIC,6.1,Lythrypnus dalli,0,0,0,0,0
WINTER,ISTHMUS,2,BENTHIC,12,Lythrypnus dalli,0,0,0,0,0
WINTER,ISTHMUS,2,BENTHIC,14.9,Lythrypnus dalli,0,0,2,4,0
WINTER,ISTHMUS,2,BENTHIC,17.1,Lythrypnus dalli,0,0,0,2,0
WINTER,ISTHMUS,2,BENTHIC,20.6,Lythrypnus dalli,0,0,0,1,0
WINTER,ISTHMUS,2,BENTHIC,22.6,Lythrypnus dalli,0,4,0,4,0
WINTER,ISTHMUS,2,BENTHIC,25.6,Lythrypnus dalli,0,0,0,0,1
WINTER,ISTHMUS,2,BENTHIC,29.2,Lythrypnus dalli,0,0,0,1,1
WINTER,ISTHMUS,3,BENTHIC,3,Lythrypnus dalli,0,0,0,1,0
WINTER,ISTHMUS,3,BENTHIC,5.8,Lythrypnus dalli,0,2,5,9,0
WINTER,ISTHMUS,3,BENTHIC,7.8,Lythrypnus dalli,0,0,0,0,0
WINTER,ISTHMUS,3,BENTHIC,10,Lythrypnus dalli,0,4,1,0,0
WINTER,ISTHMUS,3,BENTHIC,13.5,Lythrypnus dalli,0,0,0,0,0
WINTER,ISTHMUS,3,BENTHIC,17.1,Lythrypnus dalli,0,0,0,5,0
WINTER,ISTHMUS,3,BENTHIC,20.2,Lythrypnus dalli,0,0,0,4,0
WINTER,ISTHMUS,3,BENTHIC,22.1,Lythrypnus dalli,0,2,0,6,0
WINTER,ISTHMUS,3,BENTHIC,25.8,Lythrypnus dalli,0,0,1,3,0
WINTER,ISTHMUS,3,BENTHIC,28.2,Lythrypnus dalli,0,2,3,3,0
WINTER,ISTHMUS,4,BENTHIC,1.6,Lythrypnus dalli,0,1,0,4,0
WINTER,ISTHMUS,4,BENTHIC,3.3,Lythrypnus dalli,0,0,0,1,0
WINTER,ISTHMUS,4,BENTHIC,8.9,Lythrypnus dalli,0,1,7,3,0
WINTER,ISTHMUS,4,BENTHIC,9.3,Lythrypnus dalli,0,3,0,1,0
WINTER,ISTHMUS,4,BENTHIC,13,Lythrypnus dalli,0,0,1,1,0
WINTER,ISTHMUS,4,BENTHIC,16.4,Lythrypnus dalli,0,0,0,0,0
WINTER,ISTHMUS,4,BENTHIC,19.6,Lythrypnus dalli,0,0,1,2,0
WINTER,ISTHMUS,4,BENTHIC,21.7,Lythrypnus dalli,0,3,1,5,0
WINTER,ISTHMUS,4,BENTHIC,25.1,Lythrypnus dalli,0,0,0,0,0
WINTER,ISTHMUS,4,BENTHIC,28.5,Lythrypnus dalli,0,0,0,1,0
WINTER,PARADISE,1,BENTHIC,0,Lythrypnus dalli,0,3,6,4,0
WINTER,PARADISE,1,BENTHIC,4.5,Lythrypnus dalli,0,6,0,1,0
WINTER,PARADISE,1,BENTHIC,8.4,Lythrypnus dalli,0,0,0,0,0
WINTER,PARADISE,1,BENTHIC,9,Lythrypnus dalli,0,0,0,1,0
WINTER,PARADISE,1,BENTHIC,12.4,Lythrypnus dalli,0,0,0,0,0
WINTER,PARADISE,1,BENTHIC,17.3,Lythrypnus dalli,0,0,0,2,0
WINTER,PARADISE,1,BENTHIC,20,Lythrypnus dalli,0,0,0,0,0
WINTER,PARADISE,1,BENTHIC,22.8,Lythrypnus dalli,0,0,0,1,1
WINTER,PARADISE,1,BENTHIC,24.3,Lythrypnus dalli,0,0,1,0,2
WINTER,PARADISE,1,BENTHIC,29,Lythrypnus dalli,0,0,3,0,0
WINTER,PARADISE,2,BENTHIC,1,Lythrypnus dalli,0,0,1,0,2
WINTER,PARADISE,2,BENTHIC,4.2,Lythrypnus dalli,0,1,0,0,0
WINTER,PARADISE,2,BENTHIC,6.5,Lythrypnus dalli,0,0,0,3,0
WINTER,PARADISE,2,BENTHIC,9.2,Lythrypnus dalli,0,0,0,0,0
WINTER,PARADISE,2,BENTHIC,14.7,Lythrypnus dalli,0,0,0,0,0
WINTER,PARADISE,2,BENTHIC,15.7,Lythrypnus dalli,0,0,0,0,0
WINTER,PARADISE,2,BENTHIC,19.1,Lythrypnus dalli,0,0,1,0,1
WINTER,PARADISE,2,BENTHIC,21.3,Lythrypnus dalli,0,0,0,0,0
WINTER,PARADISE,2,BENTHIC,24.5,Lythrypnus dalli,0,0,0,0,0
WINTER,PARADISE,2,BENTHIC,29.2,Lythrypnus dalli,0,0,0,2,0
WINTER,PARADISE,3,BENTHIC,0.2,Lythrypnus dalli,0,0,0,0,1
WINTER,PARADISE,3,BENTHIC,5.1,Lythrypnus dalli,0,0,1,0,0
WINTER,PARADISE,3,BENTHIC,8.6,Lythrypnus dalli,0,0,0,0,0
WINTER,PARADISE,3,BENTHIC,9.5,Lythrypnus dalli,0,0,0,0,0
WINTER,PARADISE,3,BENTHIC,12.6,Lythrypnus dalli,0,0,0,0,0
WINTER,PARADISE,3,BENTHIC,15,Lythrypnus dalli,0,0,0,1,1
WINTER,PARADISE,3,BENTHIC,20,Lythrypnus dalli,0,0,1,2,0
WINTER,PARADISE,3,BENTHIC,22.3,Lythrypnus dalli,0,0,0,0,0
WINTER,PARADISE,3,BENTHIC,26,Lythrypnus dalli,0,0,0,0,0
WINTER,PARADISE,3,BENTHIC,29.9,Lythrypnus dalli,0,0,0,0,0
WINTER,PARADISE,4,BENTHIC,1.2,Lythrypnus dalli,0,0,0,0,0
WINTER,PARADISE,4,BENTHIC,5.7,Lythrypnus dalli,0,0,0,0,0
WINTER,PARADISE,4,BENTHIC,6.2,Lythrypnus dalli,0,0,0,0,0
WINTER,PARADISE,4,BENTHIC,9.1,Lythrypnus dalli,0,0,0,0,0
WINTER,PARADISE,4,BENTHIC,13.4,Lythrypnus dalli,0,0,0,0,0
WINTER,PARADISE,4,BENTHIC,15.6,Lythrypnus dalli,0,0,0,0,0
WINTER,PARADISE,4,BENTHIC,21,Lythrypnus dalli,0,0,0,0,0
WINTER,PARADISE,4,BENTHIC,23.8,Lythrypnus dalli,0,0,0,0,0
WINTER,PARADISE,4,BENTHIC,25.6,Lythrypnus dalli,0,0,0,0,0
WINTER,PARADISE,4,BENTHIC,27.8,Lythrypnus dalli,0,0,0,0,0
WINTER,EMPIRE,1,BENTHIC,2,Lythrypnus dalli,0,0,0,1,1
WINTER,EMPIRE,1,BENTHIC,5.3,Lythrypnus dalli,0,0,3,1,1
WINTER,EMPIRE,1,BENTHIC,6.3,Lythrypnus dalli,0,0,0,0,0
WINTER,EMPIRE,1,BENTHIC,10.9,Lythrypnus dalli,0,4,5,0,0
WINTER,EMPIRE,1,BENTHIC,13.2,Lythrypnus dalli,0,0,0,0,0
WINTER,EMPIRE,1,BENTHIC,15.1,Lythrypnus dalli,0,0,0,0,0
WINTER,EMPIRE,1,BENTHIC,20.7,Lythrypnus dalli,0,0,0,0,0
WINTER,EMPIRE,1,BENTHIC,23.7,Lythrypnus dalli,0,0,0,0,0
WINTER,EMPIRE,1,BENTHIC,24.8,Lythrypnus dalli,0,0,0,0,0
WINTER,EMPIRE,1,BENTHIC,29.4,Lythrypnus dalli,0,0,0,0,0
WINTER,EMPIRE,2,BENTHIC,0.7,Lythrypnus dalli,0,0,0,0,0
WINTER,EMPIRE,2,BENTHIC,4.8,Lythrypnus dalli,0,0,0,0,0
WINTER,EMPIRE,2,BENTHIC,6.5,Lythrypnus dalli,0,0,0,0,1
WINTER,EMPIRE,2,BENTHIC,11.5,Lythrypnus dalli,0,0,0,0,0
WINTER,EMPIRE,2,BENTHIC,12.8,Lythrypnus dalli,0,0,0,0,0
WINTER,EMPIRE,2,BENTHIC,15.5,Lythrypnus dalli,0,0,0,0,0
WINTER,EMPIRE,2,BENTHIC,20.2,Lythrypnus dalli,0,0,0,0,0
WINTER,EMPIRE,2,BENTHIC,21.9,Lythrypnus dalli,0,0,0,0,0
WINTER,EMPIRE,2,BENTHIC,24.9,Lythrypnus dalli,0,0,0,0,0
WINTER,EMPIRE,2,BENTHIC,28.4,Lythrypnus dalli,0,0,4,4,0
WINTER,EMPIRE,3,BENTHIC,2,Lythrypnus dalli,0,3,2,0,0
WINTER,EMPIRE,3,BENTHIC,5.5,Lythrypnus dalli,0,0,0,0,0
WINTER,EMPIRE,3,BENTHIC,6.6,Lythrypnus dalli,0,0,0,0,0
WINTER,EMPIRE,3,BENTHIC,10.2,Lythrypnus dalli,0,0,0,0,0
WINTER,EMPIRE,3,BENTHIC,14.6,Lythrypnus dalli,0,0,1,0,1
WINTER,EMPIRE,3,BENTHIC,17.1,Lythrypnus dalli,0,1,0,1,0
WINTER,EMPIRE,3,BENTHIC,18.6,Lythrypnus dalli,0,0,0,0,0
WINTER,EMPIRE,3,BENTHIC,22.1,Lythrypnus dalli,0,0,0,0,0
WINTER,EMPIRE,3,BENTHIC,24.1,Lythrypnus dalli,0,0,0,0,0
WINTER,EMPIRE,3,BENTHIC,27.6,Lythrypnus dalli,0,0,0,0,0
WINTER,EMPIRE,4,BENTHIC,2.5,Lythrypnus dalli,0,0,0,0,0
WINTER,EMPIRE,4,BENTHIC,5.1,Lythrypnus dalli,0,0,0,0,0
WINTER,EMPIRE,4,BENTHIC,8.7,Lythrypnus dalli,0,0,0,1,0
WINTER,EMPIRE,4,BENTHIC,11.9,Lythrypnus dalli,0,2,0,0,0
WINTER,EMPIRE,4,BENTHIC,12.4,Lythrypnus dalli,0,12,0,0,0
WINTER,EMPIRE,4,BENTHIC,17.3,Lythrypnus dalli,0,0,0,0,0
WINTER,EMPIRE,4,BENTHIC,20.2,Lythrypnus dalli,0,0,0,0,0
WINTER,EMPIRE,4,BENTHIC,21,Lythrypnus dalli,0,0,0,0,0
WINTER,EMPIRE,4,BENTHIC,26.2,Lythrypnus dalli,0,0,0,0,0
WINTER,EMPIRE,4,BENTHIC,29.5,Lythrypnus dalli,0,0,0,0,0
WINTER,ARROW,1,BENTHIC,3,Lythrypnus dalli,1,2,1,0,0
WINTER,ARROW,1,BENTHIC,5.9,Lythrypnus dalli,0,2,2,0,0
WINTER,ARROW,1,BENTHIC,8.9,Lythrypnus dalli,0,0,0,0,0
WINTER,ARROW,1,BENTHIC,9,Lythrypnus dalli,0,0,0,0,0
WINTER,ARROW,1,BENTHIC,12.2,Lythrypnus dalli,0,0,6,0,0
WINTER,ARROW,1,BENTHIC,17.5,Lythrypnus dalli,0,2,0,2,0
WINTER,ARROW,1,BENTHIC,19.1,Lythrypnus dalli,0,1,0,1,0
WINTER,ARROW,1,BENTHIC,22.9,Lythrypnus dalli,0,4,0,3,0
WINTER,ARROW,1,BENTHIC,24.5,Lythrypnus dalli,0,2,4,6,0
WINTER,ARROW,1,BENTHIC,27.4,Lythrypnus dalli,0,4,2,2,0
WINTER,ARROW,2,BENTHIC,1,Lythrypnus dalli,0,7,2,3,2
WINTER,ARROW,2,BENTHIC,3.9,Lythrypnus dalli,0,0,6,4,0
WINTER,ARROW,2,BENTHIC,6.3,Lythrypnus dalli,0,5,0,5,0
WINTER,ARROW,2,BENTHIC,10.8,Lythrypnus dalli,0,4,0,0,1
WINTER,ARROW,2,BENTHIC,14.7,Lythrypnus dalli,0,0,3,2,0
WINTER,ARROW,2,BENTHIC,15.4,Lythrypnus dalli,0,1,3,7,0
WINTER,ARROW,2,BENTHIC,19.5,Lythrypnus dalli,0,0,0,0,0
WINTER,ARROW,2,BENTHIC,23.8,Lythrypnus dalli,0,1,1,0,0
WINTER,ARROW,2,BENTHIC,24.5,Lythrypnus dalli,0,0,0,0,0
WINTER,ARROW,2,BENTHIC,29.7,Lythrypnus dalli,0,0,0,0,0
WINTER,ARROW,3,BENTHIC,1.9,Lythrypnus dalli,0,0,3,0,0
WINTER,ARROW,3,BENTHIC,4.2,Lythrypnus dalli,0,1,1,0,0
WINTER,ARROW,3,BENTHIC,8.3,Lythrypnus dalli,0,1,1,0,0
WINTER,ARROW,3,BENTHIC,10.1,Lythrypnus dalli,0,0,1,0,0
WINTER,ARROW,3,BENTHIC,13.2,Lythrypnus dalli,0,0,1,0,0
WINTER,ARROW,3,BENTHIC,16,Lythrypnus dalli,0,0,4,0,0
WINTER,ARROW,3,BENTHIC,18.3,Lythrypnus dalli,0,0,0,0,0
WINTER,ARROW,3,BENTHIC,22.4,Lythrypnus dalli,0,0,0,0,0
WINTER,ARROW,3,BENTHIC,25.3,Lythrypnus dalli,0,0,0,0,0
WINTER,ARROW,3,BENTHIC,28,Lythrypnus dalli,0,0,0,0,0
WINTER,ARROW,4,BENTHIC,1.4,Lythrypnus dalli,0,0,0,0,0
WINTER,ARROW,4,BENTHIC,5,Lythrypnus dalli,0,0,1,1,0
WINTER,ARROW,4,BENTHIC,8,Lythrypnus dalli,0,0,0,0,0
WINTER,ARROW,4,BENTHIC,9.6,Lythrypnus dalli,0,0,2,4,0
WINTER,ARROW,4,BENTHIC,12.1,Lythrypnus dalli,0,0,1,0,1
WINTER,ARROW,4,BENTHIC,17.8,Lythrypnus dalli,0,0,6,1,2
WINTER,ARROW,4,BENTHIC,20.7,Lythrypnus dalli,0,0,0,0,0
WINTER,ARROW,4,BENTHIC,21.7,Lythrypnus dalli,0,0,0,0,1
WINTER,ARROW,4,BENTHIC,24.9,Lythrypnus dalli,0,0,0,0,0
WINTER,ARROW,4,BENTHIC,28,Lythrypnus dalli,0,0,1,0,0
WINTER,INDIANS,1,BENTHIC,0.9,Lythrypnus dalli,0,0,0,13,0
WINTER,INDIANS,1,BENTHIC,5.9,Lythrypnus dalli,0,0,0,0,0
WINTER,INDIANS,1,BENTHIC,7.6,Lythrypnus dalli,0,0,4,0,0
WINTER,INDIANS,1,BENTHIC,11.4,Lythrypnus dalli,0,11,0,0,0
WINTER,INDIANS,1,BENTHIC,14.3,Lythrypnus dalli,0,0,0,0,0
WINTER,INDIANS,1,BENTHIC,16.8,Lythrypnus dalli,0,0,0,0,0
WINTER,INDIANS,1,BENTHIC,18.7,Lythrypnus dalli,1,0,0,0,0
WINTER,INDIANS,1,BENTHIC,24,Lythrypnus dalli,0,0,4,0,0
WINTER,INDIANS,1,BENTHIC,26.8,Lythrypnus dalli,0,0,2,0,0
WINTER,INDIANS,1,BENTHIC,28.5,Lythrypnus dalli,0,0,3,0,0
WINTER,INDIANS,2,BENTHIC,1,Lythrypnus dalli,0,0,2,0,0
WINTER,INDIANS,2,BENTHIC,3,Lythrypnus dalli,0,0,0,0,0
WINTER,INDIANS,2,BENTHIC,7.6,Lythrypnus dalli,0,0,0,0,0
WINTER,INDIANS,2,BENTHIC,11.3,Lythrypnus dalli,0,0,0,0,0
WINTER,INDIANS,2,BENTHIC,13.6,Lythrypnus dalli,0,0,10,0,0
WINTER,INDIANS,2,BENTHIC,17,Lythrypnus dalli,0,0,2,0,0
WINTER,INDIANS,2,BENTHIC,19.6,Lythrypnus dalli,0,6,0,0,0
WINTER,INDIANS,2,BENTHIC,24,Lythrypnus dalli,0,1,0,0,0
WINTER,INDIANS,2,BENTHIC,26.7,Lythrypnus dalli,0,0,10,0,0
WINTER,INDIANS,2,BENTHIC,28.6,Lythrypnus dalli,0,0,5,0,0
WINTER,INDIANS,3,BENTHIC,1,Lythrypnus dalli,0,0,1,0,0
WINTER,INDIANS,3,BENTHIC,3.9,Lythrypnus dalli,0,0,0,0,0
WINTER,INDIANS,3,BENTHIC,7.7,Lythrypnus dalli,0,0,0,0,0
WINTER,INDIANS,3,BENTHIC,11.5,Lythrypnus dalli,0,0,0,0,0
WINTER,INDIANS,3,BENTHIC,12.1,Lythrypnus dalli,0,0,0,0,0
WINTER,INDIANS,3,BENTHIC,16.9,Lythrypnus dalli,0,0,6,0,0
WINTER,INDIANS,3,BENTHIC,19.9,Lythrypnus dalli,0,0,0,2,0
WINTER,INDIANS,3,BENTHIC,24,Lythrypnus dalli,0,0,0,0,0
WINTER,INDIANS,3,BENTHIC,26.7,Lythrypnus dalli,0,1,0,0,0
WINTER,INDIANS,3,BENTHIC,28.6,Lythrypnus dalli,0,0,0,0,0
WINTER,INDIANS,4,BENTHIC,0.5,Lythrypnus dalli,0,4,6,0,0
WINTER,INDIANS,4,BENTHIC,3.2,Lythrypnus dalli,0,5,6,0,2
WINTER,INDIANS,4,BENTHIC,6.4,Lythrypnus dalli,0,0,1,0,0
WINTER,INDIANS,4,BENTHIC,11.8,Lythrypnus dalli,0,0,0,0,0
WINTER,INDIANS,4,BENTHIC,15,Lythrypnus dalli,1,0,0,4,0
WINTER,INDIANS,4,BENTHIC,17.7,Lythrypnus dalli,0,0,0,0,0
WINTER,INDIANS,4,BENTHIC,19.9,Lythrypnus dalli,0,0,1,0,0
WINTER,INDIANS,4,BENTHIC,21.8,Lythrypnus dalli,0,0,0,0,0
WINTER,INDIANS,4,BENTHIC,24,Lythrypnus dalli,0,0,0,0,0
WINTER,INDIANS,4,BENTHIC,28.7,Lythrypnus dalli,0,0,0,0,0
WINTER,PARSONS,1,BENTHIC,2.9,Lythrypnus dalli,0,0,0,0,0
WINTER,PARSONS,1,BENTHIC,4.3,Lythrypnus dalli,0,0,0,0,0
WINTER,PARSONS,1,BENTHIC,7.2,Lythrypnus dalli,0,0,0,0,0
WINTER,PARSONS,1,BENTHIC,11.1,Lythrypnus dalli,0,0,0,0,0
WINTER,PARSONS,1,BENTHIC,12.9,Lythrypnus dalli,0,0,0,0,0
WINTER,PARSONS,1,BENTHIC,15.7,Lythrypnus dalli,0,3,0,0,0
WINTER,PARSONS,1,BENTHIC,18.5,Lythrypnus dalli,0,0,0,0,0
WINTER,PARSONS,1,BENTHIC,22.3,Lythrypnus dalli,0,0,3,0,0
WINTER,PARSONS,1,BENTHIC,25.1,Lythrypnus dalli,2,0,0,0,0
WINTER,PARSONS,1,BENTHIC,27.2,Lythrypnus dalli,0,0,0,1,0
WINTER,PARSONS,2,BENTHIC,2,Lythrypnus dalli,0,1,0,0,0
WINTER,PARSONS,2,BENTHIC,3.1,Lythrypnus dalli,0,0,0,0,0
WINTER,PARSONS,2,BENTHIC,6.3,Lythrypnus dalli,0,3,0,0,0
WINTER,PARSONS,2,BENTHIC,9.5,Lythrypnus dalli,0,0,0,0,0
WINTER,PARSONS,2,BENTHIC,12.8,Lythrypnus dalli,0,0,0,0,0
WINTER,PARSONS,2,BENTHIC,16.4,Lythrypnus dalli,0,0,0,0,0
WINTER,PARSONS,2,BENTHIC,20,Lythrypnus dalli,0,0,1,0,0
WINTER,PARSONS,2,BENTHIC,22.7,Lythrypnus dalli,0,0,0,2,0
WINTER,PARSONS,2,BENTHIC,25.3,Lythrypnus dalli,0,0,0,0,0
WINTER,PARSONS,2,BENTHIC,27.1,Lythrypnus dalli,0,0,0,0,0
WINTER,PARSONS,3,BENTHIC,2.8,Lythrypnus dalli,0,0,0,0,0
WINTER,PARSONS,3,BENTHIC,4.4,Lythrypnus dalli,0,0,1,0,0
WINTER,PARSONS,3,BENTHIC,6.1,Lythrypnus dalli,0,0,0,0,0
WINTER,PARSONS,3,BENTHIC,11.4,Lythrypnus dalli,0,0,0,0,0
WINTER,PARSONS,3,BENTHIC,13.2,Lythrypnus dalli,0,0,0,0,0
WINTER,PARSONS,3,BENTHIC,15.1,Lythrypnus dalli,0,0,0,0,0
WINTER,PARSONS,3,BENTHIC,20.5,Lythrypnus dalli,0,0,0,0,0
WINTER,PARSONS,3,BENTHIC,21,Lythrypnus dalli,0,0,0,0,0
WINTER,PARSONS,3,BENTHIC,24.1,Lythrypnus dalli,0,0,0,0,0
WINTER,PARSONS,3,BENTHIC,27.3,Lythrypnus dalli,0,0,0,0,0
WINTER,PARSONS,4,BENTHIC,2,Lythrypnus dalli,0,0,0,0,0
WINTER,PARSONS,4,BENTHIC,3.1,Lythrypnus dalli,0,0,0,0,0
WINTER,PARSONS,4,BENTHIC,8.9,Lythrypnus dalli,0,0,0,0,0
WINTER,PARSONS,4,BENTHIC,9.5,Lythrypnus dalli,0,0,0,0,0
WINTER,PARSONS,4,BENTHIC,14,Lythrypnus dalli,0,0,0,0,0
WINTER,PARSONS,4,BENTHIC,16.1,Lythrypnus dalli,0,0,0,0,0
WINTER,PARSONS,4,BENTHIC,19.1,Lythrypnus dalli,0,0,0,0,0
WINTER,PARSONS,4,BENTHIC,21.6,Lythrypnus dalli,0,0,0,0,0
WINTER,PARSONS,4,BENTHIC,25.5,Lythrypnus dalli,0,0,0,0,0
WINTER,PARSONS,4,BENTHIC,29.7,Lythrypnus dalli,0,0,1,0,0
SPRING,INDIANS,1,BENTHIC,2.4,Lythrypnus dalli,0,0,1,0,0
SPRING,INDIANS,1,BENTHIC,3.2,Lythrypnus dalli,0,0,0,0,0
SPRING,INDIANS,1,BENTHIC,7.3,Lythrypnus dalli,0,0,0,0,0
SPRING,INDIANS,1,BENTHIC,9.6,Lythrypnus dalli,0,0,0,0,0
SPRING,INDIANS,1,BENTHIC,14.8,Lythrypnus dalli,0,0,0,2,0
SPRING,INDIANS,1,BENTHIC,16.1,Lythrypnus dalli,0,0,0,0,0
SPRING,INDIANS,1,BENTHIC,18.3,Lythrypnus dalli,0,0,0,0,0
SPRING,INDIANS,1,BENTHIC,23.1,Lythrypnus dalli,0,0,0,0,0
SPRING,INDIANS,1,BENTHIC,25.7,Lythrypnus dalli,0,0,0,0,1
SPRING,INDIANS,1,BENTHIC,29.9,Lythrypnus dalli,0,0,0,2,0
SPRING,INDIANS,2,BENTHIC,1.9,Lythrypnus dalli,0,0,0,3,0
SPRING,INDIANS,2,BENTHIC,5.5,Lythrypnus dalli,0,0,0,0,0
SPRING,INDIANS,2,BENTHIC,7.1,Lythrypnus dalli,0,0,0,0,0
SPRING,INDIANS,2,BENTHIC,9.5,Lythrypnus dalli,0,0,0,0,2
SPRING,INDIANS,2,BENTHIC,14.6,Lythrypnus dalli,0,0,0,3,0
SPRING,INDIANS,2,BENTHIC,17.9,Lythrypnus dalli,0,0,0,0,0
SPRING,INDIANS,2,BENTHIC,18.2,Lythrypnus dalli,0,0,0,4,0
SPRING,INDIANS,2,BENTHIC,23.8,Lythrypnus dalli,0,0,0,5,0
SPRING,INDIANS,2,BENTHIC,26,Lythrypnus dalli,0,0,0,7,0
SPRING,INDIANS,2,BENTHIC,27.7,Lythrypnus dalli,0,0,0,6,0
SPRING,INDIANS,3,BENTHIC,1.7,Lythrypnus dalli,0,0,0,0,0
SPRING,INDIANS,3,BENTHIC,5.5,Lythrypnus dalli,0,0,0,4,0
SPRING,INDIANS,3,BENTHIC,8.4,Lythrypnus dalli,0,0,0,0,0
SPRING,INDIANS,3,BENTHIC,11.9,Lythrypnus dalli,0,0,0,1,0
SPRING,INDIANS,3,BENTHIC,12.3,Lythrypnus dalli,0,0,0,0,0
SPRING,INDIANS,3,BENTHIC,16.7,Lythrypnus dalli,0,0,0,2,0
SPRING,INDIANS,3,BENTHIC,18,Lythrypnus dalli,0,0,0,4,0
SPRING,INDIANS,3,BENTHIC,21.6,Lythrypnus dalli,0,0,0,0,0
SPRING,INDIANS,3,BENTHIC,25.4,Lythrypnus dalli,0,0,0,7,0
SPRING,INDIANS,3,BENTHIC,29.7,Lythrypnus dalli,0,0,0,11,0
SPRING,INDIANS,4,BENTHIC,0.9,Lythrypnus dalli,0,0,0,18,0
SPRING,INDIANS,4,BENTHIC,5.6,Lythrypnus dalli,0,0,0,0,4
SPRING,INDIANS,4,BENTHIC,8,Lythrypnus dalli,0,0,0,0,2
SPRING,INDIANS,4,BENTHIC,10.3,Lythrypnus dalli,0,0,0,2,0
SPRING,INDIANS,4,BENTHIC,13,Lythrypnus dalli,0,0,2,0,0
SPRING,INDIANS,4,BENTHIC,15,Lythrypnus dalli,0,0,0,0,0
SPRING,INDIANS,4,BENTHIC,18.5,Lythrypnus dalli,0,0,0,0,0
SPRING,INDIANS,4,BENTHIC,22.4,Lythrypnus dalli,0,0,0,0,0
SPRING,INDIANS,4,BENTHIC,26.7,Lythrypnus dalli,0,0,0,0,0
SPRING,INDIANS,4,BENTHIC,27.9,Lythrypnus dalli,0,0,0,0,0
SPRING,ISTHMUS,1,BENTHIC,2.1,Lythrypnus dalli,0,0,0,0,0
SPRING,ISTHMUS,1,BENTHIC,4.2,Lythrypnus dalli,0,0,0,0,0
SPRING,ISTHMUS,1,BENTHIC,8.3,Lythrypnus dalli,0,0,0,0,0
SPRING,ISTHMUS,1,BENTHIC,11.9,Lythrypnus dalli,0,0,0,0,0
SPRING,ISTHMUS,1,BENTHIC,14.2,Lythrypnus dalli,0,0,0,1,0
SPRING,ISTHMUS,1,BENTHIC,15.4,Lythrypnus dalli,0,0,0,0,0
SPRING,ISTHMUS,1,BENTHIC,18.8,Lythrypnus dalli,0,0,0,0,0
SPRING,ISTHMUS,1,BENTHIC,22.7,Lythrypnus dalli,0,0,0,2,0
SPRING,ISTHMUS,1,BENTHIC,25.4,Lythrypnus dalli,0,0,0,4,0
SPRING,ISTHMUS,1,BENTHIC,29,Lythrypnus dalli,0,0,0,0,1
SPRING,ISTHMUS,2,BENTHIC,1,Lythrypnus dalli,0,0,0,2,0
SPRING,ISTHMUS,2,BENTHIC,4.2,Lythrypnus dalli,0,0,0,1,0
SPRING,ISTHMUS,2,BENTHIC,7.5,Lythrypnus dalli,0,0,0,0,0
SPRING,ISTHMUS,2,BENTHIC,11.3,Lythrypnus dalli,0,0,0,0,0
SPRING,ISTHMUS,2,BENTHIC,13.3,Lythrypnus dalli,0,0,0,0,0
SPRING,ISTHMUS,2,BENTHIC,16.6,Lythrypnus dalli,0,0,0,0,0
SPRING,ISTHMUS,2,BENTHIC,21,Lythrypnus dalli,0,0,0,1,0
SPRING,ISTHMUS,2,BENTHIC,22.4,Lythrypnus dalli,0,0,0,0,0
SPRING,ISTHMUS,2,BENTHIC,26.3,Lythrypnus dalli,0,0,3,0,0
SPRING,ISTHMUS,2,BENTHIC,27.1,Lythrypnus dalli,0,0,0,0,0
SPRING,ISTHMUS,3,BENTHIC,0.4,Lythrypnus dalli,0,0,0,1,0
SPRING,ISTHMUS,3,BENTHIC,4.4,Lythrypnus dalli,0,0,0,4,0
SPRING,ISTHMUS,3,BENTHIC,8,Lythrypnus dalli,0,0,3,0,0
SPRING,ISTHMUS,3,BENTHIC,10.9,Lythrypnus dalli,0,0,0,0,0
SPRING,ISTHMUS,3,BENTHIC,12.3,Lythrypnus dalli,0,0,1,0,0
SPRING,ISTHMUS,3,BENTHIC,15.6,Lythrypnus dalli,0,0,0,0,0
SPRING,ISTHMUS,3,BENTHIC,15.6,Lythrypnus dalli,0,0,0,1,0
SPRING,ISTHMUS,3,BENTHIC,18,Lythrypnus dalli,0,0,0,0,0
SPRING,ISTHMUS,3,BENTHIC,23.4,Lythrypnus dalli,0,0,0,0,0
SPRING,ISTHMUS,3,BENTHIC,26.3,Lythrypnus dalli,0,0,3,0,0
SPRING,ISTHMUS,4,BENTHIC,29.5,Lythrypnus dalli,0,0,0,0,0
SPRING,ISTHMUS,4,BENTHIC,1.2,Lythrypnus dalli,0,0,0,0,0
SPRING,ISTHMUS,4,BENTHIC,5.3,Lythrypnus dalli,0,0,0,1,0
SPRING,ISTHMUS,4,BENTHIC,7.8,Lythrypnus dalli,0,0,0,1,0
SPRING,ISTHMUS,4,BENTHIC,10,Lythrypnus dalli,0,0,0,0,0
SPRING,ISTHMUS,4,BENTHIC,14.5,Lythrypnus dalli,0,0,1,0,0
SPRING,ISTHMUS,4,BENTHIC,15.7,Lythrypnus dalli,0,0,0,3,0
SPRING,ISTHMUS,4,BENTHIC,19.1,Lythrypnus dalli,0,0,0,0,4
SPRING,ISTHMUS,4,BENTHIC,21.9,Lythrypnus dalli,0,0,0,0,0
SPRING,ISTHMUS,4,BENTHIC,24.1,Lythrypnus dalli,0,0,0,0,0
SPRING,PARADISE,1,BENTHIC,2,Lythrypnus dalli,0,0,0,1,0
SPRING,PARADISE,1,BENTHIC,5.4,Lythrypnus dalli,0,0,0,0,0
SPRING,PARADISE,1,BENTHIC,7.4,Lythrypnus dalli,0,0,0,0,0
SPRING,PARADISE,1,BENTHIC,9.3,Lythrypnus dalli,0,0,0,2,0
SPRING,PARADISE,1,BENTHIC,13.4,Lythrypnus dalli,0,0,0,4,0
SPRING,PARADISE,1,BENTHIC,15.5,Lythrypnus dalli,0,0,0,0,0
SPRING,PARADISE,1,BENTHIC,19,Lythrypnus dalli,0,0,0,0,0
SPRING,PARADISE,1,BENTHIC,23.8,Lythrypnus dalli,0,0,0,0,0
SPRING,PARADISE,1,BENTHIC,25.6,Lythrypnus dalli,0,0,0,0,0
SPRING,PARADISE,1,BENTHIC,28.4,Lythrypnus dalli,0,0,0,0,0
SPRING,PARADISE,2,BENTHIC,0.9,Lythrypnus dalli,0,0,0,0,0
SPRING,PARADISE,2,BENTHIC,5.6,Lythrypnus dalli,0,0,0,0,0
SPRING,PARADISE,2,BENTHIC,6.7,Lythrypnus dalli,0,0,0,0,0
SPRING,PARADISE,2,BENTHIC,10,Lythrypnus dalli,0,0,0,0,0
SPRING,PARADISE,2,BENTHIC,15,Lythrypnus dalli,0,0,0,0,0
SPRING,PARADISE,2,BENTHIC,17.8,Lythrypnus dalli,0,0,0,0,0
SPRING,PARADISE,2,BENTHIC,18.5,Lythrypnus dalli,0,0,0,0,0
SPRING,PARADISE,2,BENTHIC,22.7,Lythrypnus dalli,0,0,0,0,0
SPRING,PARADISE,2,BENTHIC,25,Lythrypnus dalli,0,0,0,0,0
SPRING,PARADISE,2,BENTHIC,28.6,Lythrypnus dalli,0,0,0,0,0
SPRING,PARADISE,3,BENTHIC,2,Lythrypnus dalli,0,0,0,0,0
SPRING,PARADISE,3,BENTHIC,3.4,Lythrypnus dalli,0,0,0,0,0
SPRING,PARADISE,3,BENTHIC,7.9,Lythrypnus dalli,0,0,0,0,0
SPRING,PARADISE,3,BENTHIC,10.1,Lythrypnus dalli,0,0,0,1,0
SPRING,PARADISE,3,BENTHIC,13,Lythrypnus dalli,0,0,0,0,0
SPRING,PARADISE,3,BENTHIC,17.8,Lythrypnus dalli,0,0,0,0,0
SPRING,PARADISE,3,BENTHIC,18.5,Lythrypnus dalli,0,0,0,0,0
SPRING,PARADISE,3,BENTHIC,22.7,Lythrypnus dalli,0,0,0,0,0
SPRING,PARADISE,3,BENTHIC,26.9,Lythrypnus dalli,0,0,0,0,0
SPRING,PARADISE,3,BENTHIC,27.7,Lythrypnus dalli,0,0,0,0,0
SPRING,PARADISE,4,BENTHIC,0.3,Lythrypnus dalli,0,0,0,0,0
SPRING,PARADISE,4,BENTHIC,4.1,Lythrypnus dalli,0,0,0,0,0
SPRING,PARADISE,4,BENTHIC,6.1,Lythrypnus dalli,0,0,0,0,0
SPRING,PARADISE,4,BENTHIC,9.3,Lythrypnus dalli,0,0,0,0,0
SPRING,PARADISE,4,BENTHIC,13.9,Lythrypnus dalli,0,0,0,0,0
SPRING,PARADISE,4,BENTHIC,18,Lythrypnus dalli,0,0,0,0,0
SPRING,PARADISE,4,BENTHIC,18.2,Lythrypnus dalli,0,0,0,0,0
SPRING,PARADISE,4,BENTHIC,21.2,Lythrypnus dalli,0,0,0,0,0
SPRING,PARADISE,4,BENTHIC,26.2,Lythrypnus dalli,0,0,0,0,0
SPRING,PARADISE,4,BENTHIC,,Lythrypnus dalli,0,0,0,0,0
SPRING,EMPIRE,1,BENTHIC,2.2,Lythrypnus dalli,0,0,0,0,0
SPRING,EMPIRE,1,BENTHIC,5,Lythrypnus dalli,0,0,0,0,0
SPRING,EMPIRE,1,BENTHIC,7.1,Lythrypnus dalli,0,0,0,0,0
SPRING,EMPIRE,1,BENTHIC,12,Lythrypnus dalli,0,0,0,0,0
SPRING,EMPIRE,1,BENTHIC,14.5,Lythrypnus dalli,0,0,0,0,0
SPRING,EMPIRE,1,BENTHIC,17.9,Lythrypnus dalli,0,0,0,0,0
SPRING,EMPIRE,1,BENTHIC,18.5,Lythrypnus dalli,0,0,0,0,0
SPRING,EMPIRE,1,BENTHIC,22.7,Lythrypnus dalli,0,0,0,0,0
SPRING,EMPIRE,1,BENTHIC,27,Lythrypnus dalli,0,0,0,0,0
SPRING,EMPIRE,1,BENTHIC,27.8,Lythrypnus dalli,0,0,0,0,0
SPRING,EMPIRE,2,BENTHIC,0.9,Lythrypnus dalli,0,0,0,0,0
SPRING,EMPIRE,2,BENTHIC,3.1,Lythrypnus dalli,0,0,0,0,0
SPRING,EMPIRE,2,BENTHIC,6.8,Lythrypnus dalli,0,0,0,0,0
SPRING,EMPIRE,2,BENTHIC,9.1,Lythrypnus dalli,0,0,0,0,0
SPRING,EMPIRE,2,BENTHIC,12.7,Lythrypnus dalli,0,0,0,0,0
SPRING,EMPIRE,2,BENTHIC,16.6,Lythrypnus dalli,0,0,0,0,0
SPRING,EMPIRE,2,BENTHIC,20,Lythrypnus dalli,0,0,4,0,0
SPRING,EMPIRE,2,BENTHIC,22.9,Lythrypnus dalli,0,0,0,0,0
SPRING,EMPIRE,2,BENTHIC,24.1,Lythrypnus dalli,0,0,0,0,0
SPRING,EMPIRE,2,BENTHIC,27.1,Lythrypnus dalli,0,0,1,0,0
SPRING,EMPIRE,3,BENTHIC,0.1,Lythrypnus dalli,0,0,0,0,0
SPRING,EMPIRE,3,BENTHIC,4.5,Lythrypnus dalli,0,0,0,0,0
SPRING,EMPIRE,3,BENTHIC,8,Lythrypnus dalli,0,0,0,0,0
SPRING,EMPIRE,3,BENTHIC,9.8,Lythrypnus dalli,0,0,0,0,0
SPRING,EMPIRE,3,BENTHIC,12.5,Lythrypnus dalli,0,0,0,0,0
SPRING,EMPIRE,3,BENTHIC,17.1,Lythrypnus dalli,0,0,0,0,0
SPRING,EMPIRE,3,BENTHIC,20.9,Lythrypnus dalli,0,0,0,0,0
SPRING,EMPIRE,3,BENTHIC,23.8,Lythrypnus dalli,0,0,0,0,0
SPRING,EMPIRE,3,BENTHIC,26.6,Lythrypnus dalli,0,0,0,0,0
SPRING,EMPIRE,3,BENTHIC,27.2,Lythrypnus dalli,0,0,0,0,0
SPRING,EMPIRE,4,BENTHIC,2,Lythrypnus dalli,0,0,0,0,0
SPRING,EMPIRE,4,BENTHIC,5,Lythrypnus dalli,0,0,0,0,0
SPRING,EMPIRE,4,BENTHIC,6.3,Lythrypnus dalli,0,0,0,0,0
SPRING,EMPIRE,4,BENTHIC,9.8,Lythrypnus dalli,0,0,0,0,0
SPRING,EMPIRE,4,BENTHIC,14.1,Lythrypnus dalli,0,0,0,11,0
SPRING,EMPIRE,4,BENTHIC,6.6,Lythrypnus dalli,0,0,0,0,0
SPRING,EMPIRE,4,BENTHIC,20.9,Lythrypnus dalli,0,0,0,0,0
SPRING,EMPIRE,4,BENTHIC,23.1,Lythrypnus dalli,0,0,0,0,0
SPRING,EMPIRE,4,BENTHIC,24.8,Lythrypnus dalli,0,0,0,0,0
SPRING,EMPIRE,4,BENTHIC,27.6,Lythrypnus dalli,0,0,0,0,0
SPRING,BEYOND,1,BENTHIC,1.5,Lythrypnus dalli,0,0,0,4,0
SPRING,BEYOND,1,BENTHIC,4.5,Lythrypnus dalli,0,0,0,3,0
SPRING,BEYOND,1,BENTHIC,6.4,Lythrypnus dalli,0,0,0,5,0
SPRING,BEYOND,1,BENTHIC,11.2,Lythrypnus dalli,0,1,0,0,0
SPRING,BEYOND,1,BENTHIC,13.9,Lythrypnus dalli,0,0,0,0,0
SPRING,BEYOND,1,BENTHIC,17.4,Lythrypnus dalli,0,0,0,0,0
SPRING,BEYOND,1,BENTHIC,18,Lythrypnus dalli,0,0,0,0,0
SPRING,BEYOND,1,BENTHIC,21.3,Lythrypnus dalli,0,0,0,0,0
SPRING,BEYOND,1,BENTHIC,24.9,Lythrypnus dalli,0,0,0,0,0
SPRING,BEYOND,1,BENTHIC,27.3,Lythrypnus dalli,0,0,0,0,0
SPRING,BEYOND,2,BENTHIC,2.7,Lythrypnus dalli,0,0,1,0,0
SPRING,BEYOND,2,BENTHIC,5.3,Lythrypnus dalli,0,0,0,5,0
SPRING,BEYOND,2,BENTHIC,6.6,Lythrypnus dalli,0,0,0,1,0
SPRING,BEYOND,2,BENTHIC,11.2,Lythrypnus dalli,0,2,0,1,0
SPRING,BEYOND,2,BENTHIC,14,Lythrypnus dalli,0,0,4,0,0
SPRING,BEYOND,2,BENTHIC,17.7,Lythrypnus dalli,0,0,0,2,0
SPRING,BEYOND,2,BENTHIC,18.7,Lythrypnus dalli,0,0,0,0,0
SPRING,BEYOND,2,BENTHIC,22.1,Lythrypnus dalli,0,0,0,0,0
SPRING,BEYOND,2,BENTHIC,26.9,Lythrypnus dalli,0,0,0,0,0
SPRING,BEYOND,2,BENTHIC,27.9,Lythrypnus dalli,0,0,1,0,0
SPRING,BEYOND,3,BENTHIC,0.4,Lythrypnus dalli,0,0,0,2,0
SPRING,BEYOND,3,BENTHIC,5.6,Lythrypnus dalli,0,0,2,0,0
SPRING,BEYOND,3,BENTHIC,8.7,Lythrypnus dalli,0,0,0,0,0
SPRING,BEYOND,3,BENTHIC,10.8,Lythrypnus dalli,0,0,0,1,0
SPRING,BEYOND,3,BENTHIC,14.3,Lythrypnus dalli,0,0,0,0,0
SPRING,BEYOND,3,BENTHIC,15.2,Lythrypnus dalli,0,0,0,0,0
SPRING,BEYOND,3,BENTHIC,20.8,Lythrypnus dalli,0,0,0,0,0
SPRING,BEYOND,3,BENTHIC,21.6,Lythrypnus dalli,0,0,2,0,0
SPRING,BEYOND,3,BENTHIC,26.3,Lythrypnus dalli,0,0,0,0,0
SPRING,BEYOND,3,BENTHIC,27.8,Lythrypnus dalli,0,0,0,0,0
SPRING,BEYOND,4,BENTHIC,0.7,Lythrypnus dalli,0,0,0,0,0
SPRING,BEYOND,4,BENTHIC,5.9,Lythrypnus dalli,0,0,0,1,0
SPRING,BEYOND,4,BENTHIC,8.7,Lythrypnus dalli,0,0,0,3,0
SPRING,BEYOND,4,BENTHIC,10.6,Lythrypnus dalli,0,0,0,0,0
SPRING,BEYOND,4,BENTHIC,13,Lythrypnus dalli,0,0,1,0,0
SPRING,BEYOND,4,BENTHIC,17,Lythrypnus dalli,0,0,0,0,0
SPRING,BEYOND,4,BENTHIC,19.7,Lythrypnus dalli,0,0,0,0,0
SPRING,BEYOND,4,BENTHIC,21.2,Lythrypnus dalli,0,0,0,0,0
SPRING,BEYOND,4,BENTHIC,26.4,Lythrypnus dalli,0,0,0,0,0
SPRING,BEYOND,4,BENTHIC,29.4,Lythrypnus dalli,0,1,0,0,0
SPRING,PARSONS,1,BENTHIC,2,Lythrypnus dalli,0,0,0,0,0
SPRING,PARSONS,1,BENTHIC,3.5,Lythrypnus dalli,0,0,0,0,0
SPRING,PARSONS,1,BENTHIC,8.4,Lythrypnus dalli,0,0,0,0,0
SPRING,PARSONS,1,BENTHIC,10.9,Lythrypnus dalli,0,0,4,0,0
SPRING,PARSONS,1,BENTHIC,13.1,Lythrypnus dalli,0,0,0,0,0
SPRING,PARSONS,1,BENTHIC,17.4,Lythrypnus dalli,0,0,0,0,0
SPRING,PARSONS,1,BENTHIC,18.5,Lythrypnus dalli,0,0,0,0,0
SPRING,PARSONS,1,BENTHIC,24,Lythrypnus dalli,0,0,0,1,0
SPRING,PARSONS,1,BENTHIC,26.9,Lythrypnus dalli,0,0,0,0,0
SPRING,PARSONS,1,BENTHIC,27.6,Lythrypnus dalli,0,0,0,0,0
SPRING,PARSONS,2,BENTHIC,1.3,Lythrypnus dalli,0,0,0,0,0
SPRING,PARSONS,2,BENTHIC,3.5,Lythrypnus dalli,0,0,0,0,0
SPRING,PARSONS,2,BENTHIC,7.7,Lythrypnus dalli,0,0,0,0,0
SPRING,PARSONS,2,BENTHIC,9.7,Lythrypnus dalli,0,0,0,0,0
SPRING,PARSONS,2,BENTHIC,12,Lythrypnus dalli,0,0,0,0,0
SPRING,PARSONS,2,BENTHIC,17.1,Lythrypnus dalli,0,0,0,0,0
SPRING,PARSONS,2,BENTHIC,20.7,Lythrypnus dalli,0,0,0,0,0
SPRING,PARSONS,2,BENTHIC,21.2,Lythrypnus dalli,0,0,0,0,0
SPRING,PARSONS,2,BENTHIC,24.9,Lythrypnus dalli,0,0,0,0,0
SPRING,PARSONS,2,BENTHIC,29.5,Lythrypnus dalli,0,0,2,0,0
SPRING,PARSONS,3,BENTHIC,0.2,Lythrypnus dalli,0,0,0,0,0
SPRING,PARSONS,3,BENTHIC,4.8,Lythrypnus dalli,0,0,0,0,0
SPRING,PARSONS,3,BENTHIC,7.5,Lythrypnus dalli,0,0,0,0,0
SPRING,PARSONS,3,BENTHIC,10.4,Lythrypnus dalli,0,0,0,0,0
SPRING,PARSONS,3,BENTHIC,12.9,Lythrypnus dalli,0,0,0,0,0
SPRING,PARSONS,3,BENTHIC,15.7,Lythrypnus dalli,0,0,0,0,0
SPRING,PARSONS,3,BENTHIC,19.4,Lythrypnus dalli,0,0,0,0,0
SPRING,PARSONS,3,BENTHIC,21.5,Lythrypnus dalli,0,0,0,0,0
SPRING,PARSONS,3,BENTHIC,26.2,Lythrypnus dalli,0,0,0,0,0
SPRING,PARSONS,3,BENTHIC,27.8,Lythrypnus dalli,0,0,1,0,0
SPRING,PARSONS,4,BENTHIC,0.8,Lythrypnus dalli,0,0,0,0,0
SPRING,PARSONS,4,BENTHIC,4.2,Lythrypnus dalli,0,0,0,0,0
SPRING,PARSONS,4,BENTHIC,6.8,Lythrypnus dalli,0,0,0,0,0
SPRING,PARSONS,4,BENTHIC,10.1,Lythrypnus dalli,0,0,0,0,0
SPRING,PARSONS,4,BENTHIC,12.6,Lythrypnus dalli,0,0,0,0,0
SPRING,PARSONS,4,BENTHIC,16.7,Lythrypnus dalli,0,0,0,0,0
SPRING,PARSONS,4,BENTHIC,19.4,Lythrypnus dalli,0,0,0,0,0
SPRING,PARSONS,4,BENTHIC,23,Lythrypnus dalli,0,0,0,0,0
SPRING,PARSONS,4,BENTHIC,24.1,Lythrypnus dalli,0,0,0,0,0
SPRING,PARSONS,4,BENTHIC,29.8,Lythrypnus dalli,0,0,0,0,0
SPRING,ARROW,1,BENTHIC,0,Lythrypnus dalli,0,0,3,0,0
SPRING,ARROW,1,BENTHIC,3.7,Lythrypnus dalli,0,0,5,0,0
SPRING,ARROW,1,BENTHIC,7.9,Lythrypnus dalli,0,0,9,0,0
SPRING,ARROW,1,BENTHIC,11.6,Lythrypnus dalli,0,0,0,1,0
SPRING,ARROW,1,BENTHIC,12.4,Lythrypnus dalli,0,0,0,4,0
SPRING,ARROW,1,BENTHIC,17.3,Lythrypnus dalli,0,0,0,0,0
SPRING,ARROW,1,BENTHIC,20.3,Lythrypnus dalli,0,0,0,2,0
SPRING,ARROW,1,BENTHIC,25.7,Lythrypnus dalli,0,0,0,4,0
SPRING,ARROW,1,BENTHIC,26.6,Lythrypnus dalli,0,0,0,0,0
SPRING,ARROW,1,BENTHIC,,Lythrypnus dalli,0,0,0,4,1
SPRING,ARROW,2,BENTHIC,1.5,Lythrypnus dalli,0,0,0,0,0
SPRING,ARROW,2,BENTHIC,3.3,Lythrypnus dalli,0,2,0,0,0
SPRING,ARROW,2,BENTHIC,7.2,Lythrypnus dalli,0,0,0,0,0
SPRING,ARROW,2,BENTHIC,12,Lythrypnus dalli,0,0,0,0,0
SPRING,ARROW,2,BENTHIC,14.6,Lythrypnus dalli,0,0,0,0,0
SPRING,ARROW,2,BENTHIC,16.5,Lythrypnus dalli,0,0,0,0,0
SPRING,ARROW,2,BENTHIC,18.7,Lythrypnus dalli,0,0,0,0,0
SPRING,ARROW,2,BENTHIC,22.6,Lythrypnus dalli,0,0,0,0,0
SPRING,ARROW,2,BENTHIC,26.9,Lythrypnus dalli,0,0,0,0,0
SPRING,ARROW,2,BENTHIC,29.5,Lythrypnus dalli,0,0,0,0,0
SPRING,ARROW,3,BENTHIC,0.9,Lythrypnus dalli,0,0,0,0,0
SPRING,ARROW,3,BENTHIC,4.1,Lythrypnus dalli,0,0,0,0,0
SPRING,ARROW,3,BENTHIC,8.6,Lythrypnus dalli,0,0,0,6,0
SPRING,ARROW,3,BENTHIC,9.9,Lythrypnus dalli,0,0,2,0,0
SPRING,ARROW,3,BENTHIC,12.3,Lythrypnus dalli,0,0,0,0,0
SPRING,ARROW,3,BENTHIC,17.5,Lythrypnus dalli,0,0,0,0,0
SPRING,ARROW,3,BENTHIC,19.2,Lythrypnus dalli,0,0,0,0,0
SPRING,ARROW,3,BENTHIC,23.9,Lythrypnus dalli,0,0,0,0,0
SPRING,ARROW,3,BENTHIC,25.2,Lythrypnus dalli,0,0,0,5,0
SPRING,ARROW,3,BENTHIC,27,Lythrypnus dalli,0,0,1,0,0
SPRING,ARROW,4,BENTHIC,1.1,Lythrypnus dalli,0,0,0,0,0
SPRING,ARROW,4,BENTHIC,3.5,Lythrypnus dalli,0,0,0,0,0
SPRING,ARROW,4,BENTHIC,6.4,Lythrypnus dalli,0,0,3,0,0
SPRING,ARROW,4,BENTHIC,11.1,Lythrypnus dalli,0,0,0,2,0
SPRING,ARROW,4,BENTHIC,13.1,Lythrypnus dalli,0,0,0,0,0
SPRING,ARROW,4,BENTHIC,17.9,Lythrypnus dalli,0,0,0,0,0
SPRING,ARROW,4,BENTHIC,20.7,Lythrypnus dalli,0,0,0,0,0
SPRING,ARROW,4,BENTHIC,23.6,Lythrypnus dalli,0,0,0,0,0
SPRING,ARROW,4,BENTHIC,24,Lythrypnus dalli,0,0,0,0,0
SPRING,ARROW,4,BENTHIC,29.6,Lythrypnus dalli,0,0,3,0,0
SUMMER-2,BEYOND,1,BENTHIC,1.5,Lythrypnus dalli,0,0,0,0,0
SUMMER-2,BEYOND,1,BENTHIC,4.5,Lythrypnus dalli,0,0,0,0,0
SUMMER-2,BEYOND,1,BENTHIC,6.4,Lythrypnus dalli,0,0,0,0,0
SUMMER-2,BEYOND,1,BENTHIC,11.2,Lythrypnus dalli,0,0,0,0,0
SUMMER-2,BEYOND,1,BENTHIC,13.9,Lythrypnus dalli,0,0,0,0,0
SUMMER-2,BEYOND,1,BENTHIC,17.4,Lythrypnus dalli,0,0,0,0,0
SUMMER-2,BEYOND,1,BENTHIC,18,Lythrypnus dalli,0,0,0,0,0
SUMMER-2,BEYOND,1,BENTHIC,21.3,Lythrypnus dalli,0,0,0,0,0
SUMMER-2,BEYOND,1,BENTHIC,24.9,Lythrypnus dalli,0,0,0,0,0
SUMMER-2,BEYOND,1,BENTHIC,27.3,Lythrypnus dalli,0,0,0,0,0
SUMMER-2,BEYOND,2,BENTHIC,2.7,Lythrypnus dalli,0,0,0,0,0
SUMMER-2,BEYOND,2,BENTHIC,5.3,Lythrypnus dalli,0,0,0,0,0
SUMMER-2,BEYOND,2,BENTHIC,6.6,Lythrypnus dalli,0,0,0,1,0
SUMMER-2,BEYOND,2,BENTHIC,11.2,Lythrypnus dalli,0,0,0,3,0
SUMMER-2,BEYOND,2,BENTHIC,14,Lythrypnus dalli,0,0,0,0,1
SUMMER-2,BEYOND,2,BENTHIC,17.7,Lythrypnus dalli,0,0,0,0,0
SUMMER-2,BEYOND,2,BENTHIC,18.7,Lythrypnus dalli,0,0,0,0,0
SUMMER-2,BEYOND,2,BENTHIC,22.1,Lythrypnus dalli,0,0,0,0,0
SUMMER-2,BEYOND,2,BENTHIC,26.9,Lythrypnus dalli,0,0,0,0,0
SUMMER-2,BEYOND,2,BENTHIC,27.9,Lythrypnus dalli,0,0,0,0,0
SUMMER-2,BEYOND,3,BENTHIC,0.4,Lythrypnus dalli,0,0,0,0,0
SUMMER-2,BEYOND,3,BENTHIC,5.6,Lythrypnus dalli,0,0,0,0,0
SUMMER-2,BEYOND,3,BENTHIC,8.7,Lythrypnus dalli,0,0,0,0,0
SUMMER-2,BEYOND,3,BENTHIC,10.8,Lythrypnus dalli,0,0,0,0,0
SUMMER-2,BEYOND,3,BENTHIC,14.3,Lythrypnus dalli,0,0,0,0,0
SUMMER-2,BEYOND,3,BENTHIC,15.2,Lythrypnus dalli,0,0,0,0,0
SUMMER-2,BEYOND,3,BENTHIC,20.8,Lythrypnus dalli,0,0,0,0,0
SUMMER-2,BEYOND,3,BENTHIC,21.6,Lythrypnus dalli,0,0,0,0,0
SUMMER-2,BEYOND,3,BENTHIC,26.3,Lythrypnus dalli,0,0,0,0,0
SUMMER-2,BEYOND,3,BENTHIC,27.8,Lythrypnus dalli,0,0,0,0,0
SUMMER-2,BEYOND,4,BENTHIC,0.7,Lythrypnus dalli,0,0,0,0,0
SUMMER-2,BEYOND,4,BENTHIC,5.9,Lythrypnus dalli,0,0,0,0,2
SUMMER-2,BEYOND,4,BENTHIC,8.7,Lythrypnus dalli,0,0,0,0,0
SUMMER-2,BEYOND,4,BENTHIC,10.6,Lythrypnus dalli,0,0,0,0,0
SUMMER-2,BEYOND,4,BENTHIC,13,Lythrypnus dalli,0,0,0,0,0
SUMMER-2,BEYOND,4,BENTHIC,17,Lythrypnus dalli,0,0,0,0,0
SUMMER-2,BEYOND,4,BENTHIC,19.7,Lythrypnus dalli,0,0,0,0,0
SUMMER-2,BEYOND,4,BENTHIC,31.2,Lythrypnus dalli,0,0,0,0,0
SUMMER-2,BEYOND,4,BENTHIC,26.4,Lythrypnus dalli,0,0,0,0,0
SUMMER-2,BEYOND,4,BENTHIC,29.9,Lythrypnus dalli,0,0,0,0,0
SUMMER-2,ARROW,1,BENTHIC,0,Lythrypnus dalli,0,0,0,0,5
SUMMER-2,ARROW,1,BENTHIC,3.7,Lythrypnus dalli,0,0,0,5,0
SUMMER-2,ARROW,1,BENTHIC,7.9,Lythrypnus dalli,0,0,2,0,0
SUMMER-2,ARROW,1,BENTHIC,11.6,Lythrypnus dalli,0,0,0,0,0
SUMMER-2,ARROW,1,BENTHIC,13.4,Lythrypnus dalli,0,0,0,0,0
SUMMER-2,ARROW,1,BENTHIC,17.3,Lythrypnus dalli,0,0,0,0,0
SUMMER-2,ARROW,1,BENTHIC,20.3,Lythrypnus dalli,0,0,0,1,0
SUMMER-2,ARROW,1,BENTHIC,23.7,Lythrypnus dalli,0,0,0,0,0
SUMMER-2,ARROW,1,BENTHIC,26.6,Lythrypnus dalli,0,0,0,4,0
SUMMER-2,ARROW,1,BENTHIC,29.1,Lythrypnus dalli,0,0,0,2,0
SUMMER-2,ARROW,2,BENTHIC,1.5,Lythrypnus dalli,0,0,0,1,0
SUMMER-2,ARROW,2,BENTHIC,3.3,Lythrypnus dalli,0,0,0,1,0
SUMMER-2,ARROW,2,BENTHIC,7.2,Lythrypnus dalli,0,0,0,5,0
SUMMER-2,ARROW,2,BENTHIC,12,Lythrypnus dalli,0,0,0,0,0
SUMMER-2,ARROW,2,BENTHIC,14.6,Lythrypnus dalli,0,0,0,0,0
SUMMER-2,ARROW,2,BENTHIC,16.5,Lythrypnus dalli,0,0,0,0,5
SUMMER-2,ARROW,2,BENTHIC,18.7,Lythrypnus dalli,0,0,0,0,1
SUMMER-2,ARROW,2,BENTHIC,22.6,Lythrypnus dalli,0,0,0,2,0
SUMMER-2,ARROW,2,BENTHIC,26.9,Lythrypnus dalli,0,0,0,0,3
SUMMER-2,ARROW,2,BENTHIC,29.5,Lythrypnus dalli,0,0,0,0,1
SUMMER-2,ARROW,3,BENTHIC,0.9,Lythrypnus dalli,0,0,0,2,0
SUMMER-2,ARROW,3,BENTHIC,4.1,Lythrypnus dalli,0,0,0,0,3
SUMMER-2,ARROW,3,BENTHIC,8.6,Lythrypnus dalli,0,0,0,1,0
SUMMER-2,ARROW,3,BENTHIC,9.9,Lythrypnus dalli,0,0,0,2,0
SUMMER-2,ARROW,3,BENTHIC,12.3,Lythrypnus dalli,0,0,0,3,0
SUMMER-2,ARROW,3,BENTHIC,17.5,Lythrypnus dalli,0,0,0,3,0
SUMMER-2,ARROW,3,BENTHIC,19.2,Lythrypnus dalli,0,0,0,0,0
SUMMER-2,ARROW,3,BENTHIC,23.9,Lythrypnus dalli,0,0,0,0,0
SUMMER-2,ARROW,3,BENTHIC,25.2,Lythrypnus dalli,0,0,0,0,0
SUMMER-2,ARROW,3,BENTHIC,27,Lythrypnus dalli,0,0,0,0,0
SUMMER-2,ARROW,4,BENTHIC,1.1,Lythrypnus dalli,0,0,0,0,0
SUMMER-2,ARROW,4,BENTHIC,3.5,Lythrypnus dalli,0,0,0,0,4
SUMMER-2,ARROW,4,BENTHIC,6.4,Lythrypnus dalli,0,0,0,0,0
SUMMER-2,ARROW,4,BENTHIC,11.1,Lythrypnus dalli,0,0,0,0,0
SUMMER-2,ARROW,4,BENTHIC,13.1,Lythrypnus dalli,0,0,0,0,0
SUMMER-2,ARROW,4,BENTHIC,17.9,Lythrypnus dalli,0,0,0,0,0
SUMMER-2,ARROW,4,BENTHIC,20.7,Lythrypnus dalli,0,0,0,0,3
SUMMER-2,ARROW,4,BENTHIC,23.6,Lythrypnus dalli,0,0,0,0,0
SUMMER-2,ARROW,4,BENTHIC,24,Lythrypnus dalli,0,0,0,0,0
SUMMER-2,ARROW,4,BENTHIC,29.6,Lythrypnus dalli,0,0,0,0,0
SUMMER-2,INDIANS,1,BENTHIC,2.4,Lythrypnus dalli,0,0,0,0,4
SUMMER-2,INDIANS,1,BENTHIC,3.2,Lythrypnus dalli,0,0,0,0,0
SUMMER-2,INDIANS,1,BENTHIC,7.7,Lythrypnus dalli,0,0,0,0,0
SUMMER-2,INDIANS,1,BENTHIC,9.6,Lythrypnus dalli,0,0,0,0,0
SUMMER-2,INDIANS,1,BENTHIC,14.8,Lythrypnus dalli,0,0,0,0,7
SUMMER-2,INDIANS,1,BENTHIC,16.1,Lythrypnus dalli,0,0,0,11,0
SUMMER-2,INDIANS,1,BENTHIC,18.3,Lythrypnus dalli,0,0,0,8,0
SUMMER-2,INDIANS,1,BENTHIC,23.1,Lythrypnus dalli,0,0,0,0,0
SUMMER-2,INDIANS,1,BENTHIC,25.7,Lythrypnus dalli,0,0,0,0,5
SUMMER-2,INDIANS,1,BENTHIC,29.9,Lythrypnus dalli,0,0,0,7,0
SUMMER-2,INDIANS,2,BENTHIC,1.9,Lythrypnus dalli,0,0,0,3,0
SUMMER-2,INDIANS,2,BENTHIC,5.5,Lythrypnus dalli,0,0,0,0,4
SUMMER-2,INDIANS,2,BENTHIC,7.1,Lythrypnus dalli,0,1,0,0,0
SUMMER-2,INDIANS,2,BENTHIC,9.5,Lythrypnus dalli,0,0,0,11,0
SUMMER-2,INDIANS,2,BENTHIC,14.6,Lythrypnus dalli,0,0,0,16,0
SUMMER-2,INDIANS,2,BENTHIC,17.9,Lythrypnus dalli,0,0,6,0,0
SUMMER-2,INDIANS,2,BENTHIC,18.2,Lythrypnus dalli,0,0,0,5,0
SUMMER-2,INDIANS,2,BENTHIC,23.8,Lythrypnus dalli,0,0,0,8,0
SUMMER-2,INDIANS,2,BENTHIC,26,Lythrypnus dalli,0,0,13,0,0
SUMMER-2,INDIANS,2,BENTHIC,27.7,Lythrypnus dalli,0,0,11,0,0
SUMMER-2,INDIANS,3,BENTHIC,1.7,Lythrypnus dalli,0,0,0,0,0
SUMMER-2,INDIANS,3,BENTHIC,5.5,Lythrypnus dalli,0,0,5,0,0
SUMMER-2,INDIANS,3,BENTHIC,8.4,Lythrypnus dalli,0,0,5,0,0
SUMMER-2,INDIANS,3,BENTHIC,11.9,Lythrypnus dalli,0,0,0,0,0
SUMMER-2,INDIANS,3,BENTHIC,12.3,Lythrypnus dalli,0,0,0,0,0
SUMMER-2,INDIANS,3,BENTHIC,16.7,Lythrypnus dalli,0,0,6,0,0
SUMMER-2,INDIANS,3,BENTHIC,18,Lythrypnus dalli,0,0,0,0,0
SUMMER-2,INDIANS,3,BENTHIC,21.6,Lythrypnus dalli,0,0,6,0,0
SUMMER-2,INDIANS,3,BENTHIC,25.4,Lythrypnus dalli,0,0,0,1,0
SUMMER-2,INDIANS,3,BENTHIC,29.7,Lythrypnus dalli,0,0,0,2,0
SUMMER-2,INDIANS,4,BENTHIC,0.9,Lythrypnus dalli,0,0,0,2,0
SUMMER-2,INDIANS,4,BENTHIC,5.6,Lythrypnus dalli,0,0,0,4,0
SUMMER-2,INDIANS,4,BENTHIC,8,Lythrypnus dalli,0,0,0,8,0
SUMMER-2,INDIANS,4,BENTHIC,10.3,Lythrypnus dalli,0,0,0,0,0
SUMMER-2,INDIANS,4,BENTHIC,13,Lythrypnus dalli,0,0,0,4,0
SUMMER-2,INDIANS,4,BENTHIC,15,Lythrypnus dalli,0,0,0,0,0
SUMMER-2,INDIANS,4,BENTHIC,18.5,Lythrypnus dalli,0,0,0,0,0
SUMMER-2,INDIANS,4,BENTHIC,22.4,Lythrypnus dalli,0,0,0,0,0
SUMMER-2,INDIANS,4,BENTHIC,26.7,Lythrypnus dalli,0,0,0,0,0
SUMMER-2,INDIANS,4,BENTHIC,27.9,Lythrypnus dalli,0,0,0,0,0
SUMMER-2,PARSONS,1,BENTHIC,1.2,Lythrypnus dalli,0,0,0,0,0
SUMMER-2,PARSONS,1,BENTHIC,4.7,Lythrypnus dalli,0,0,0,0,0
SUMMER-2,PARSONS,1,BENTHIC,6.9,Lythrypnus dalli,0,0,0,0,0
SUMMER-2,PARSONS,1,BENTHIC,11,Lythrypnus dalli,0,0,0,0,0
SUMMER-2,PARSONS,1,BENTHIC,12.4,Lythrypnus dalli,0,0,0,0,0
SUMMER-2,PARSONS,1,BENTHIC,17.7,Lythrypnus dalli,0,0,0,0,0
SUMMER-2,PARSONS,1,BENTHIC,20.5,Lythrypnus dalli,0,0,0,0,0
SUMMER-2,PARSONS,1,BENTHIC,22.2,Lythrypnus dalli,0,0,0,0,0
SUMMER-2,PARSONS,1,BENTHIC,26.1,Lythrypnus dalli,0,0,0,0,0
SUMMER-2,PARSONS,1,BENTHIC,28.7,Lythrypnus dalli,0,0,0,0,0
SUMMER-2,PARSONS,2,BENTHIC,0.6,Lythrypnus dalli,0,0,0,0,0
SUMMER-2,PARSONS,2,BENTHIC,3.5,Lythrypnus dalli,0,0,0,0,0
SUMMER-2,PARSONS,2,BENTHIC,7.1,Lythrypnus dalli,0,0,0,0,0
SUMMER-2,PARSONS,2,BENTHIC,11.7,Lythrypnus dalli,0,0,0,0,0
SUMMER-2,PARSONS,2,BENTHIC,12.7,Lythrypnus dalli,0,0,0,0,0
SUMMER-2,PARSONS,2,BENTHIC,16.2,Lythrypnus dalli,0,0,0,0,0
SUMMER-2,PARSONS,2,BENTHIC,20.2,Lythrypnus dalli,0,0,0,0,0
SUMMER-2,PARSONS,2,BENTHIC,23.3,Lythrypnus dalli,0,0,0,0,0
SUMMER-2,PARSONS,2,BENTHIC,25.4,Lythrypnus dalli,0,0,0,0,0
SUMMER-2,PARSONS,2,BENTHIC,28,Lythrypnus dalli,0,0,0,0,0
SUMMER-2,PARSONS,3,BENTHIC,2.6,Lythrypnus dalli,0,0,0,0,0
SUMMER-2,PARSONS,3,BENTHIC,4.1,Lythrypnus dalli,0,0,0,0,0
SUMMER-2,PARSONS,3,BENTHIC,8.9,Lythrypnus dalli,0,0,0,0,0
SUMMER-2,PARSONS,3,BENTHIC,10.2,Lythrypnus dalli,0,0,0,0,0
SUMMER-2,PARSONS,3,BENTHIC,14.4,Lythrypnus dalli,0,0,0,0,0
SUMMER-2,PARSONS,3,BENTHIC,17.7,Lythrypnus dalli,0,0,0,0,0
SUMMER-2,PARSONS,3,BENTHIC,20,Lythrypnus dalli,0,0,0,0,0
SUMMER-2,PARSONS,3,BENTHIC,22.8,Lythrypnus dalli,0,0,0,0,0
SUMMER-2,PARSONS,3,BENTHIC,25.3,Lythrypnus dalli,0,0,0,5,0
SUMMER-2,PARSONS,3,BENTHIC,29.7,Lythrypnus dalli,0,0,0,0,0
SUMMER-2,PARSONS,4,BENTHIC,1.8,Lythrypnus dalli,0,0,0,0,0
SUMMER-2,PARSONS,4,BENTHIC,5.3,Lythrypnus dalli,0,0,0,0,0
SUMMER-2,PARSONS,4,BENTHIC,6.9,Lythrypnus dalli,0,0,0,0,0
SUMMER-2,PARSONS,4,BENTHIC,10.9,Lythrypnus dalli,0,0,0,0,0
SUMMER-2,PARSONS,4,BENTHIC,14.6,Lythrypnus dalli,0,0,0,0,0
SUMMER-2,PARSONS,4,BENTHIC,17.1,Lythrypnus dalli,0,0,0,0,0
SUMMER-2,PARSONS,4,BENTHIC,18.3,Lythrypnus dalli,0,0,0,0,0
SUMMER-2,PARSONS,4,BENTHIC,23.8,Lythrypnus dalli,0,0,0,0,0
SUMMER-2,PARSONS,4,BENTHIC,26.6,Lythrypnus dalli,0,0,0,0,0
SUMMER-2,PARSONS,4,BENTHIC,29,Lythrypnus dalli,0,0,0,0,0
SUMMER-2,ISTHMUS,1,BENTHIC,2.1,Lythrypnus dalli,0,0,0,0,0
SUMMER-2,ISTHMUS,1,BENTHIC,4.2,Lythrypnus dalli,0,0,0,5,0
SUMMER-2,ISTHMUS,1,BENTHIC,8.3,Lythrypnus dalli,0,0,0,1,0
SUMMER-2,ISTHMUS,1,BENTHIC,11.9,Lythrypnus dalli,0,0,0,7,0
SUMMER-2,ISTHMUS,1,BENTHIC,14.2,Lythrypnus dalli,0,0,6,0,0
SUMMER-2,ISTHMUS,1,BENTHIC,15.4,Lythrypnus dalli,0,0,0,0,0
SUMMER-2,ISTHMUS,1,BENTHIC,18.8,Lythrypnus dalli,0,0,0,0,0
SUMMER-2,ISTHMUS,1,BENTHIC,22.7,Lythrypnus dalli,0,0,0,1,0
SUMMER-2,ISTHMUS,1,BENTHIC,25.4,Lythrypnus dalli,0,0,0,0,0
SUMMER-2,ISTHMUS,1,BENTHIC,29,Lythrypnus dalli,0,0,0,0,0
SUMMER-2,ISTHMUS,2,BENTHIC,1,Lythrypnus dalli,0,0,0,3,0
SUMMER-2,ISTHMUS,2,BENTHIC,4.2,Lythrypnus dalli,0,0,0,0,0
SUMMER-2,ISTHMUS,2,BENTHIC,7.5,Lythrypnus dalli,0,0,0,4,0
SUMMER-2,ISTHMUS,2,BENTHIC,11.3,Lythrypnus dalli,0,0,6,0,0
SUMMER-2,ISTHMUS,2,BENTHIC,13.3,Lythrypnus dalli,0,0,1,0,0
SUMMER-2,ISTHMUS,2,BENTHIC,16.6,Lythrypnus dalli,0,0,0,0,0
SUMMER-2,ISTHMUS,2,BENTHIC,21,Lythrypnus dalli,0,0,0,0,0
SUMMER-2,ISTHMUS,2,BENTHIC,22.4,Lythrypnus dalli,0,0,0,0,0
SUMMER-2,ISTHMUS,2,BENTHIC,26.3,Lythrypnus dalli,0,0,0,1,0
SUMMER-2,ISTHMUS,2,BENTHIC,27.1,Lythrypnus dalli,0,0,0,7,0
SUMMER-2,ISTHMUS,3,BENTHIC,0.4,Lythrypnus dalli,0,0,0,0,0
SUMMER-2,ISTHMUS,3,BENTHIC,4.4,Lythrypnus dalli,0,0,3,0,0
SUMMER-2,ISTHMUS,3,BENTHIC,8,Lythrypnus dalli,0,0,0,3,0
SUMMER-2,ISTHMUS,3,BENTHIC,10.9,Lythrypnus dalli,0,0,0,0,0
SUMMER-2,ISTHMUS,3,BENTHIC,12.3,Lythrypnus dalli,0,0,0,0,0
SUMMER-2,ISTHMUS,3,BENTHIC,15.6,Lythrypnus dalli,0,0,0,0,0
SUMMER-2,ISTHMUS,3,BENTHIC,18,Lythrypnus dalli,0,0,0,0,0
SUMMER-2,ISTHMUS,3,BENTHIC,23.4,Lythrypnus dalli,0,0,0,0,0
SUMMER-2,ISTHMUS,3,BENTHIC,26.3,Lythrypnus dalli,0,0,0,0,0
SUMMER-2,ISTHMUS,3,BENTHIC,29.5,Lythrypnus dalli,0,0,0,0,0
SUMMER-2,ISTHMUS,4,BENTHIC,1.2,Lythrypnus dalli,0,0,0,0,0
SUMMER-2,ISTHMUS,4,BENTHIC,5.3,Lythrypnus dalli,0,0,0,1,0
SUMMER-2,ISTHMUS,4,BENTHIC,7.8,Lythrypnus dalli,0,0,0,4,0
SUMMER-2,ISTHMUS,4,BENTHIC,10,Lythrypnus dalli,0,0,0,3,0
SUMMER-2,ISTHMUS,4,BENTHIC,14.5,Lythrypnus dalli,0,0,0,4,0
SUMMER-2,ISTHMUS,4,BENTHIC,15.7,Lythrypnus dalli,0,0,0,0,2
SUMMER-2,ISTHMUS,4,BENTHIC,19.1,Lythrypnus dalli,0,0,0,0,0
SUMMER-2,ISTHMUS,4,BENTHIC,21.9,Lythrypnus dalli,0,0,6,0,0
SUMMER-2,ISTHMUS,4,BENTHIC,24.1,Lythrypnus dalli,0,0,0,3,0
SUMMER-2,ISTHMUS,4,BENTHIC,29.6,Lythrypnus dalli,0,1,0,0,0
SUMMER-2,EMPIRE,1,BENTHIC,2.2,Lythrypnus dalli,0,0,0,0,0
SUMMER-2,EMPIRE,1,BENTHIC,5,Lythrypnus dalli,0,0,6,0,0
SUMMER-2,EMPIRE,1,BENTHIC,7.1,Lythrypnus dalli,0,0,4,0,0
SUMMER-2,EMPIRE,1,BENTHIC,12,Lythrypnus dalli,0,0,0,0,0
SUMMER-2,EMPIRE,1,BENTHIC,14.5,Lythrypnus dalli,0,0,0,1,0
SUMMER-2,EMPIRE,1,BENTHIC,17.9,Lythrypnus dalli,0,0,0,0,0
SUMMER-2,EMPIRE,1,BENTHIC,18.5,Lythrypnus dalli,0,0,0,3,0
SUMMER-2,EMPIRE,1,BENTHIC,22.7,Lythrypnus dalli,0,1,0,0,0
SUMMER-2,EMPIRE,1,BENTHIC,27,Lythrypnus dalli,0,0,0,0,0
SUMMER-2,EMPIRE,1,BENTHIC,27.8,Lythrypnus dalli,0,0,0,0,0
SUMMER-2,EMPIRE,2,BENTHIC,0.9,Lythrypnus dalli,0,0,0,4,0
SUMMER-2,EMPIRE,2,BENTHIC,3.1,Lythrypnus dalli,0,0,0,2,0
SUMMER-2,EMPIRE,2,BENTHIC,6.8,Lythrypnus dalli,0,0,0,2,0
SUMMER-2,EMPIRE,2,BENTHIC,9.1,Lythrypnus dalli,0,0,0,0,0
SUMMER-2,EMPIRE,2,BENTHIC,12.7,Lythrypnus dalli,0,0,0,5,0
SUMMER-2,EMPIRE,2,BENTHIC,16.6,Lythrypnus dalli,0,0,0,0,0
SUMMER-2,EMPIRE,2,BENTHIC,20,Lythrypnus dalli,0,0,0,0,0
SUMMER-2,EMPIRE,2,BENTHIC,22.4,Lythrypnus dalli,0,0,0,0,0
SUMMER-2,EMPIRE,2,BENTHIC,24.1,Lythrypnus dalli,0,0,0,1,0
SUMMER-2,EMPIRE,2,BENTHIC,27.1,Lythrypnus dalli,0,0,2,0,0
SUMMER-2,EMPIRE,3,BENTHIC,0.1,Lythrypnus dalli,0,0,0,1,0
SUMMER-2,EMPIRE,3,BENTHIC,4.5,Lythrypnus dalli,0,0,0,0,0
SUMMER-2,EMPIRE,3,BENTHIC,8,Lythrypnus dalli,0,0,0,0,0
SUMMER-2,EMPIRE,3,BENTHIC,9.8,Lythrypnus dalli,0,0,0,0,0
SUMMER-2,EMPIRE,3,BENTHIC,12.5,Lythrypnus dalli,0,0,0,0,0
SUMMER-2,EMPIRE,3,BENTHIC,17.1,Lythrypnus dalli,0,0,1,0,0
SUMMER-2,EMPIRE,3,BENTHIC,20.9,Lythrypnus dalli,0,0,0,0,0
SUMMER-2,EMPIRE,3,BENTHIC,23.8,Lythrypnus dalli,0,0,0,0,0
SUMMER-2,EMPIRE,3,BENTHIC,26.6,Lythrypnus dalli,0,0,0,2,0
SUMMER-2,EMPIRE,3,BENTHIC,27.2,Lythrypnus dalli,0,0,3,0,0
SUMMER-2,EMPIRE,4,BENTHIC,2,Lythrypnus dalli,0,0,0,0,0
SUMMER-2,EMPIRE,4,BENTHIC,5,Lythrypnus dalli,0,0,0,0,0
SUMMER-2,EMPIRE,4,BENTHIC,6.3,Lythrypnus dalli,0,0,0,5,0
SUMMER-2,EMPIRE,4,BENTHIC,9.8,Lythrypnus dalli,0,0,0,0,0
SUMMER-2,EMPIRE,4,BENTHIC,14.1,Lythrypnus dalli,0,0,2,0,0
SUMMER-2,EMPIRE,4,BENTHIC,16.6,Lythrypnus dalli,0,0,0,4,0
SUMMER-2,EMPIRE,4,BENTHIC,20.9,Lythrypnus dalli,0,0,13,0,0
SUMMER-2,EMPIRE,4,BENTHIC,23.1,Lythrypnus dalli,0,0,0,0,0
SUMMER-2,EMPIRE,4,BENTHIC,24.8,Lythrypnus dalli,0,0,0,0,0
SUMMER-2,EMPIRE,4,BENTHIC,27.6,Lythrypnus dalli,0,0,0,0,0
SUMMER-2,PARADISE,1,BENTHIC,2,Lythrypnus dalli,0,0,8,0,0
SUMMER-2,PARADISE,1,BENTHIC,5.4,Lythrypnus dalli,0,0,0,0,0
SUMMER-2,PARADISE,1,BENTHIC,7.4,Lythrypnus dalli,0,0,7,0,0
SUMMER-2,PARADISE,1,BENTHIC,9.3,Lythrypnus dalli,0,0,10,0,0
SUMMER-2,PARADISE,1,BENTHIC,13.4,Lythrypnus dalli,0,0,0,0,0
SUMMER-2,PARADISE,1,BENTHIC,15.5,Lythrypnus dalli,0,0,11,0,0
SUMMER-2,PARADISE,1,BENTHIC,19,Lythrypnus dalli,0,0,0,0,2
SUMMER-2,PARADISE,1,BENTHIC,23.8,Lythrypnus dalli,0,0,4,0,0
SUMMER-2,PARADISE,1,BENTHIC,25.6,Lythrypnus dalli,0,1,0,0,0
SUMMER-2,PARADISE,1,BENTHIC,29.4,Lythrypnus dalli,0,0,4,0,0
SUMMER-2,PARADISE,2,BENTHIC,0.9,Lythrypnus dalli,0,0,0,0,0
SUMMER-2,PARADISE,2,BENTHIC,5.6,Lythrypnus dalli,0,0,0,0,0
SUMMER-2,PARADISE,2,BENTHIC,6.7,Lythrypnus dalli,0,0,0,0,0
SUMMER-2,PARADISE,2,BENTHIC,10,Lythrypnus dalli,0,0,0,0,0
SUMMER-2,PARADISE,2,BENTHIC,15,Lythrypnus dalli,0,0,0,0,0
SUMMER-2,PARADISE,2,BENTHIC,17.8,Lythrypnus dalli,0,0,0,0,0
SUMMER-2,PARADISE,2,BENTHIC,19.2,Lythrypnus dalli,0,0,0,0,0
SUMMER-2,PARADISE,2,BENTHIC,22.5,Lythrypnus dalli,0,0,0,0,0
SUMMER-2,PARADISE,2,BENTHIC,25,Lythrypnus dalli,0,0,0,0,0
SUMMER-2,PARADISE,2,BENTHIC,28.1,Lythrypnus dalli,0,0,0,0,0
SUMMER-2,PARADISE,3,BENTHIC,2,Lythrypnus dalli,0,0,0,0,0
SUMMER-2,PARADISE,3,BENTHIC,3.4,Lythrypnus dalli,0,0,3,0,0
SUMMER-2,PARADISE,3,BENTHIC,7.9,Lythrypnus dalli,0,0,1,0,0
SUMMER-2,PARADISE,3,BENTHIC,10.1,Lythrypnus dalli,0,0,3,0,0
SUMMER-2,PARADISE,3,BENTHIC,13,Lythrypnus dalli,0,0,0,8,0
SUMMER-2,PARADISE,3,BENTHIC,17.8,Lythrypnus dalli,0,0,0,0,0
SUMMER-2,PARADISE,3,BENTHIC,18.5,Lythrypnus dalli,0,0,0,0,0
SUMMER-2,PARADISE,3,BENTHIC,22.7,Lythrypnus dalli,0,0,0,0,0
SUMMER-2,PARADISE,3,BENTHIC,26.9,Lythrypnus dalli,0,0,0,0,0
SUMMER-2,PARADISE,3,BENTHIC,27.7,Lythrypnus dalli,0,0,0,0,0
SUMMER-2,PARADISE,4,BENTHIC,0.3,Lythrypnus dalli,0,0,0,0,0
SUMMER-2,PARADISE,4,BENTHIC,4.1,Lythrypnus dalli,0,1,0,0,0
SUMMER-2,PARADISE,4,BENTHIC,6.1,Lythrypnus dalli,0,0,0,0,0
SUMMER-2,PARADISE,4,BENTHIC,9.3,Lythrypnus dalli,0,0,0,0,0
SUMMER-2,PARADISE,4,BENTHIC,13.9,Lythrypnus dalli,0,0,0,0,0
SUMMER-2,PARADISE,4,BENTHIC,18,Lythrypnus dalli,0,0,0,0,0
SUMMER-2,PARADISE,4,BENTHIC,18.2,Lythrypnus dalli,0,0,0,0,0
SUMMER-2,PARADISE,4,BENTHIC,21.2,Lythrypnus dalli,0,0,0,0,0
SUMMER-2,PARADISE,4,BENTHIC,26.2,Lythrypnus dalli,0,2,0,0,0
SUMMER-2,PARADISE,4,BENTHIC,30,Lythrypnus dalli,0,0,0,0,0